,mean,sd,hdi_3%,hdi_97%,mcse_mean,mcse_sd,ess_bulk,ess_tail,r_hat
asc_bcd[0],0.142,0.135,-0.114,0.393,0.004,0.003,1551.0,1767.0,1.0
asc_bcd[1],-0.12,0.148,-0.399,0.162,0.004,0.003,1514.0,1787.0,1.0
asc_bcd[2],-0.177,0.165,-0.508,0.11,0.004,0.004,1511.0,1581.0,1.0
"beta_cat[0, 0]",-0.075,0.283,-0.638,0.458,0.005,0.006,2919.0,2636.0,1.0
"beta_cat[0, 1]",-0.246,0.303,-0.899,0.211,0.007,0.007,1624.0,2397.0,1.0
"beta_cat[0, 2]",0.429,0.375,-0.174,1.154,0.009,0.008,1751.0,2339.0,1.0
"beta_cat[0, 3]",0.024,0.213,-0.4,0.48,0.004,0.005,2507.0,2779.0,1.0
"beta_cat[0, 4]",0.217,0.293,-0.216,0.846,0.007,0.006,1994.0,2896.0,1.0
"beta_cat[0, 5]",0.012,0.2,-0.351,0.443,0.004,0.005,2550.0,2811.0,1.0
"beta_cat[1, 0]",0.127,0.268,-0.323,0.7,0.006,0.005,2150.0,2750.0,1.0
"beta_cat[1, 1]",-0.118,0.278,-0.701,0.361,0.006,0.008,1975.0,2255.0,1.0
"beta_cat[1, 2]",-0.24,0.314,-0.896,0.286,0.007,0.007,2040.0,2221.0,1.0
"beta_cat[1, 3]",0.045,0.219,-0.388,0.485,0.005,0.007,2303.0,2387.0,1.0
"beta_cat[1, 4]",-0.044,0.268,-0.592,0.462,0.006,0.006,2197.0,2796.0,1.0
"beta_cat[1, 5]",0.153,0.209,-0.161,0.617,0.005,0.005,1963.0,2282.0,1.0
"beta_cat[2, 0]",-0.09,0.276,-0.65,0.416,0.005,0.007,2702.0,3387.0,1.0
"beta_cat[2, 1]",-0.006,0.261,-0.569,0.449,0.006,0.007,2226.0,2606.0,1.0
"beta_cat[2, 2]",0.261,0.349,-0.305,1.001,0.008,0.008,1838.0,2620.0,1.0
"beta_cat[2, 3]",-0.118,0.229,-0.617,0.245,0.005,0.006,1981.0,2466.0,1.0
"beta_cat[2, 4]",0.149,0.269,-0.317,0.718,0.006,0.005,2193.0,2612.0,1.0
"beta_cat[2, 5]",-0.004,0.191,-0.419,0.341,0.004,0.004,2340.0,2506.0,1.0
"beta_cat[3, 0]",-0.122,0.293,-0.711,0.347,0.006,0.008,2458.0,2958.0,1.0
"beta_cat[3, 1]",0.304,0.299,-0.184,0.915,0.008,0.007,1312.0,2122.0,1.0
"beta_cat[3, 2]",-0.148,0.303,-0.801,0.404,0.006,0.007,2445.0,2442.0,1.0
"beta_cat[3, 3]",0.003,0.197,-0.374,0.44,0.004,0.006,2639.0,2671.0,1.0
"beta_cat[3, 4]",-0.295,0.323,-0.965,0.168,0.009,0.007,1373.0,2156.0,1.0
"beta_cat[3, 5]",-0.165,0.231,-0.656,0.203,0.006,0.005,1648.0,2288.0,1.0
"beta_cat_raw[0, 0]",-0.207,0.898,-1.818,1.647,0.015,0.014,3411.0,3164.0,1.0
"beta_cat_raw[0, 1]",-0.677,0.767,-2.087,0.806,0.017,0.014,2043.0,1979.0,1.0
"beta_cat_raw[0, 2]",1.007,0.753,-0.357,2.439,0.015,0.013,2730.0,2339.0,1.0
"beta_cat_raw[0, 3]",0.143,0.893,-1.41,1.938,0.017,0.013,2775.0,2950.0,1.0
"beta_cat_raw[0, 4]",0.584,0.774,-0.882,2.055,0.016,0.013,2486.0,2770.0,1.0
"beta_cat_raw[0, 5]",0.041,0.795,-1.427,1.549,0.014,0.012,3042.0,3030.0,1.0
"beta_cat_raw[1, 0]",0.423,0.892,-1.222,2.161,0.018,0.013,2366.0,2687.0,1.0
"beta_cat_raw[1, 1]",-0.334,0.767,-1.779,1.149,0.017,0.013,2092.0,2513.0,1.0
"beta_cat_raw[1, 2]",-0.633,0.733,-2.107,0.663,0.017,0.013,1895.0,2068.0,1.0
"beta_cat_raw[1, 3]",0.164,0.895,-1.467,1.923,0.017,0.013,2767.0,2882.0,1.0
"beta_cat_raw[1, 4]",-0.126,0.778,-1.699,1.221,0.016,0.012,2449.0,2854.0,1.0
"beta_cat_raw[1, 5]",0.626,0.791,-0.93,2.054,0.017,0.014,2266.0,2684.0,1.0
"beta_cat_raw[2, 0]",-0.23,0.866,-1.924,1.369,0.016,0.013,3044.0,2510.0,1.0
"beta_cat_raw[2, 1]",0.007,0.745,-1.421,1.409,0.015,0.012,2370.0,2455.0,1.0
"beta_cat_raw[2, 2]",0.578,0.726,-0.889,1.837,0.015,0.013,2273.0,2598.0,1.0
"beta_cat_raw[2, 3]",-0.443,0.886,-2.009,1.329,0.017,0.015,2711.0,2629.0,1.0
"beta_cat_raw[2, 4]",0.42,0.75,-0.922,1.973,0.015,0.014,2560.0,2476.0,1.0
"beta_cat_raw[2, 5]",-0.02,0.781,-1.549,1.436,0.015,0.012,2611.0,2620.0,1.0
"beta_cat_raw[3, 0]",-0.343,0.888,-1.967,1.438,0.016,0.013,2883.0,3000.0,1.0
"beta_cat_raw[3, 1]",0.906,0.783,-0.653,2.336,0.017,0.012,2242.0,2255.0,1.0
"beta_cat_raw[3, 2]",-0.417,0.703,-1.721,0.922,0.015,0.01,2278.0,2659.0,1.0
"beta_cat_raw[3, 3]",-0.002,0.846,-1.518,1.701,0.015,0.012,3262.0,2895.0,1.0
"beta_cat_raw[3, 4]",-0.81,0.809,-2.349,0.702,0.018,0.013,1978.0,2538.0,1.0
"beta_cat_raw[3, 5]",-0.64,0.835,-2.255,0.895,0.017,0.015,2302.0,2752.0,1.0
beta_pop[0],-1.274,0.413,-2.072,-0.55,0.012,0.007,1116.0,2065.0,1.0
beta_pop[1],-0.557,0.297,-1.118,0.01,0.009,0.007,1053.0,1686.0,1.0
beta_pop[2],1.111,0.408,0.365,1.902,0.013,0.007,1059.0,1692.0,1.0
beta_pop[3],-0.397,0.252,-0.875,0.064,0.006,0.006,1598.0,1880.0,1.0
beta_pop[4],0.21,0.266,-0.294,0.708,0.006,0.006,1863.0,2219.0,1.0
beta_pop[5],0.03,0.208,-0.375,0.419,0.005,0.004,1659.0,2105.0,1.0
log_tau_participant_raw[0],0.612,0.663,-0.472,1.898,0.012,0.013,3814.0,2322.0,1.0
log_tau_participant_raw[1],0.873,0.637,-0.255,2.052,0.011,0.012,4019.0,2686.0,1.0
log_tau_participant_raw[2],1.105,0.642,-0.084,2.251,0.011,0.013,4180.0,2368.0,1.0
log_tau_participant_raw[3],0.958,0.641,-0.141,2.149,0.011,0.011,3825.0,2388.0,1.0
log_tau_participant_raw[4],-1.333,0.38,-2.053,-0.658,0.007,0.008,3312.0,2268.0,1.0
log_tau_participant_raw[5],-1.616,0.503,-2.6,-0.719,0.009,0.011,3513.0,2689.0,1.0
log_tau_participant_raw[6],-0.24,0.742,-1.441,1.227,0.014,0.015,3604.0,2315.0,1.0
log_tau_participant_raw[7],0.878,0.68,-0.32,2.155,0.012,0.012,3969.0,2309.0,1.0
log_tau_participant_raw[8],-0.204,0.762,-1.366,1.349,0.014,0.017,3939.0,2054.0,1.0
log_tau_participant_raw[9],-0.772,0.377,-1.471,-0.111,0.007,0.011,3537.0,1846.0,1.0
log_tau_participant_raw[10],0.831,0.684,-0.329,2.146,0.012,0.013,3672.0,2167.0,1.0
log_tau_participant_raw[11],-1.984,0.511,-2.941,-0.996,0.008,0.01,4367.0,2196.0,1.0
log_tau_participant_raw[12],0.955,0.638,-0.169,2.138,0.011,0.011,3559.0,2460.0,1.0
log_tau_participant_raw[13],0.385,0.676,-0.717,1.715,0.012,0.014,4104.0,2369.0,1.0
log_tau_participant_raw[14],-0.319,0.525,-1.173,0.676,0.012,0.014,2894.0,1806.0,1.0
log_tau_participant_raw[15],-0.925,0.478,-1.703,-0.001,0.013,0.021,2271.0,1104.0,1.0
log_tau_participant_raw[16],-1.124,0.369,-1.788,-0.452,0.007,0.008,3448.0,2227.0,1.0
log_tau_participant_raw[17],-1.779,0.45,-2.596,-0.903,0.007,0.009,4001.0,2756.0,1.0
log_tau_participant_raw[18],0.598,0.661,-0.514,1.796,0.013,0.012,3568.0,2371.0,1.0
log_tau_participant_raw[19],0.926,0.652,-0.152,2.154,0.012,0.011,3139.0,2432.0,1.0
log_tau_participant_raw[20],1.086,0.629,-0.042,2.252,0.011,0.011,3784.0,2718.0,1.0
log_tau_participant_raw[21],0.572,0.63,-0.504,1.724,0.012,0.012,3223.0,2239.0,1.0
log_tau_participant_raw[22],-0.888,0.387,-1.578,-0.183,0.008,0.013,3232.0,1577.0,1.0
log_tau_participant_raw[23],0.386,0.653,-0.684,1.61,0.012,0.014,4133.0,2376.0,1.0
log_tau_participant_raw[24],0.356,0.661,-0.668,1.638,0.012,0.013,3749.0,2208.0,1.0
log_tau_participant_raw[25],1.06,0.63,-0.013,2.25,0.011,0.011,3839.0,2518.0,1.0
log_tau_participant_raw[26],0.068,0.675,-1.032,1.371,0.014,0.015,3565.0,2236.0,1.0
log_tau_participant_raw[27],0.757,0.683,-0.373,2.119,0.012,0.012,3682.0,2310.0,1.0
log_tau_participant_raw[28],0.858,0.651,-0.303,2.058,0.01,0.011,4575.0,2836.0,1.0
log_tau_participant_raw[29],0.092,0.598,-0.861,1.245,0.014,0.018,2701.0,1724.0,1.0
log_tau_participant_raw[30],0.77,0.647,-0.324,1.982,0.013,0.012,3058.0,2348.0,1.0
log_tau_participant_raw[31],-1.057,0.367,-1.714,-0.413,0.008,0.022,3042.0,1810.0,1.0
log_tau_participant_raw[32],0.875,0.665,-0.307,2.096,0.011,0.012,4187.0,2714.0,1.0
log_tau_participant_raw[33],0.768,0.657,-0.348,1.973,0.011,0.013,4437.0,2281.0,1.0
log_tau_participant_raw[34],-0.291,0.555,-1.177,0.8,0.013,0.014,2664.0,1761.0,1.0
log_tau_participant_raw[35],0.73,0.674,-0.406,2.028,0.011,0.012,4058.0,2788.0,1.0
log_tau_participant_raw[36],1.041,0.646,-0.062,2.283,0.012,0.013,3401.0,2324.0,1.0
log_tau_participant_raw[37],0.802,0.669,-0.35,2.064,0.012,0.012,3430.0,2523.0,1.0
log_tau_participant_raw[38],0.857,0.64,-0.211,2.09,0.011,0.011,3889.0,2518.0,1.0
log_tau_participant_raw[39],0.803,0.678,-0.367,2.078,0.012,0.012,3798.0,2552.0,1.0
log_tau_participant_raw[40],-0.062,0.59,-0.963,1.087,0.012,0.014,3043.0,2197.0,1.0
log_tau_participant_raw[41],0.153,0.646,-0.86,1.431,0.012,0.014,3692.0,2231.0,1.0
log_tau_participant_raw[42],0.876,0.634,-0.246,2.022,0.011,0.012,4411.0,2533.0,1.0
log_tau_participant_raw[43],0.064,0.547,-0.819,1.103,0.011,0.014,3813.0,1867.0,1.0
log_tau_participant_raw[44],0.723,0.671,-0.439,1.972,0.011,0.011,4089.0,2417.0,1.0
log_tau_participant_raw[45],0.303,0.656,-0.735,1.576,0.013,0.013,3143.0,2007.0,1.0
log_tau_participant_raw[46],0.351,0.669,-0.784,1.611,0.014,0.013,2863.0,2109.0,1.0
log_tau_participant_raw[47],-0.083,0.606,-0.978,1.167,0.014,0.017,2717.0,1656.0,1.0
log_tau_participant_raw[48],0.638,0.628,-0.406,1.837,0.011,0.012,4452.0,2437.0,1.0
log_tau_participant_raw[49],0.755,0.666,-0.34,2.064,0.011,0.011,4300.0,2466.0,1.0
log_tau_participant_raw[50],0.764,0.639,-0.295,1.993,0.011,0.012,3840.0,2169.0,1.0
log_tau_participant_raw[51],0.398,0.684,-0.722,1.687,0.013,0.013,3576.0,2131.0,1.0
log_tau_participant_raw[52],0.485,0.612,-0.525,1.633,0.011,0.012,3804.0,2158.0,1.0
log_tau_participant_raw[53],-1.226,0.325,-1.853,-0.622,0.005,0.006,3518.0,2761.0,1.0
log_tau_participant_raw[54],-0.113,0.59,-1.024,1.088,0.013,0.017,2716.0,1900.0,1.0
log_tau_participant_raw[55],0.637,0.687,-0.524,1.958,0.013,0.012,3288.0,2220.0,1.0
log_tau_participant_raw[56],0.204,0.637,-0.822,1.465,0.012,0.013,3852.0,2477.0,1.0
log_tau_participant_raw[57],0.838,0.602,-0.183,2.026,0.011,0.011,3621.0,2603.0,1.0
log_tau_participant_raw[58],0.146,0.706,-1.01,1.499,0.015,0.015,2973.0,1616.0,1.0
log_tau_participant_raw[59],-2.087,0.553,-3.129,-1.075,0.009,0.011,4100.0,2377.0,1.0
log_tau_participant_raw[60],0.582,0.677,-0.56,1.862,0.013,0.012,3386.0,2465.0,1.0
log_tau_participant_raw[61],-0.806,0.37,-1.465,-0.157,0.007,0.012,3424.0,1614.0,1.0
log_tau_participant_raw[62],0.62,0.609,-0.38,1.784,0.011,0.01,4202.0,2638.0,1.0
log_tau_participant_raw[63],-0.053,0.634,-1.018,1.216,0.014,0.016,2823.0,1936.0,1.0
log_tau_participant_raw[64],0.507,0.666,-0.575,1.806,0.012,0.012,3452.0,2174.0,1.0
log_tau_participant_raw[65],-1.224,0.336,-1.857,-0.63,0.006,0.005,3179.0,2750.0,1.0
log_tau_participant_raw[66],-1.15,0.367,-1.833,-0.473,0.006,0.008,3409.0,2530.0,1.0
log_tau_participant_raw[67],-1.166,0.343,-1.8,-0.515,0.005,0.007,4142.0,2540.0,1.0
log_tau_participant_raw[68],0.667,0.664,-0.47,1.899,0.011,0.011,3980.0,2875.0,1.0
log_tau_participant_raw[69],0.167,0.869,-1.286,1.963,0.014,0.014,4235.0,2611.0,1.0
log_tau_participant_raw[70],-0.904,0.36,-1.571,-0.258,0.008,0.012,2840.0,1708.0,1.0
log_tau_participant_raw[71],0.463,0.616,-0.524,1.638,0.012,0.013,3199.0,2097.0,1.0
log_tau_participant_raw[72],-0.672,0.632,-1.701,0.525,0.014,0.021,3253.0,1482.0,1.0
log_tau_participant_raw[73],-0.923,0.332,-1.529,-0.292,0.007,0.01,2974.0,1897.0,1.0
log_tau_participant_raw[74],-0.018,0.716,-1.178,1.37,0.015,0.014,3034.0,2236.0,1.0
log_tau_participant_raw[75],0.32,0.665,-0.81,1.561,0.013,0.012,3189.0,2478.0,1.0
log_tau_participant_raw[76],-0.565,0.352,-1.201,0.077,0.007,0.009,3197.0,1867.0,1.0
log_tau_participant_raw[77],-0.883,0.342,-1.533,-0.291,0.006,0.01,3369.0,1839.0,1.0
log_tau_participant_raw[78],-0.0,0.619,-0.957,1.228,0.012,0.015,3634.0,2050.0,1.0
log_tau_participant_raw[79],-0.491,0.505,-1.373,0.448,0.011,0.016,3419.0,1604.0,1.0
log_tau_participant_raw[80],-0.55,0.404,-1.174,0.217,0.01,0.018,2419.0,1177.0,1.0
log_tau_participant_raw[81],1.073,0.624,-0.01,2.238,0.01,0.01,4154.0,2492.0,1.0
log_tau_participant_raw[82],0.677,0.696,-0.475,2.012,0.012,0.012,3904.0,2424.0,1.0
log_tau_participant_raw[83],-1.014,0.494,-1.936,-0.137,0.009,0.014,3990.0,1906.0,1.0
log_tau_participant_raw[84],-0.252,0.842,-1.669,1.402,0.016,0.017,3770.0,2301.0,1.0
log_tau_participant_raw[85],1.219,0.646,0.078,2.402,0.011,0.012,4026.0,2482.0,1.0
log_tau_participant_raw[86],-1.027,0.426,-1.762,-0.309,0.012,0.025,2624.0,1319.0,1.0
log_tau_participant_raw[87],-0.075,0.61,-1.032,1.148,0.015,0.017,2560.0,1498.0,1.0
log_tau_participant_raw[88],0.86,0.643,-0.286,2.06,0.011,0.011,4182.0,2694.0,1.0
log_tau_participant_raw[89],0.261,0.65,-0.83,1.439,0.013,0.014,3658.0,2373.0,1.0
log_tau_participant_raw[90],-0.925,0.32,-1.492,-0.308,0.005,0.007,3735.0,2643.0,1.0
log_tau_participant_raw[91],-2.074,0.518,-3.091,-1.172,0.008,0.011,4623.0,2670.0,1.0
log_tau_participant_raw[92],-1.454,0.361,-2.067,-0.723,0.006,0.007,3595.0,2540.0,1.0
log_tau_participant_raw[93],-0.821,0.345,-1.471,-0.225,0.006,0.009,3476.0,1991.0,1.0
log_tau_participant_raw[94],-0.801,0.327,-1.377,-0.183,0.006,0.01,3654.0,2101.0,1.0
log_tau_participant_raw[95],-1.184,0.361,-1.871,-0.524,0.006,0.007,3526.0,2216.0,1.0
log_tau_participant_raw[96],-1.128,0.343,-1.752,-0.489,0.007,0.01,3182.0,2136.0,1.0
log_tau_participant_raw[97],-1.97,0.51,-2.916,-1.016,0.008,0.01,4400.0,2301.0,1.0
log_tau_participant_raw[98],-0.158,0.501,-0.966,0.725,0.014,0.024,2545.0,1405.0,1.0
log_tau_participant_raw[99],0.366,0.641,-0.688,1.594,0.013,0.012,3364.0,2595.0,1.0
log_tau_participant_raw[100],0.536,0.679,-0.564,1.809,0.012,0.013,3778.0,2500.0,1.0
log_tau_participant_raw[101],-0.622,0.451,-1.325,0.261,0.012,0.02,2307.0,1201.0,1.0
log_tau_participant_raw[102],-0.251,0.51,-1.117,0.693,0.012,0.015,2814.0,1749.0,1.0
log_tau_participant_raw[103],-0.838,0.572,-1.76,0.283,0.013,0.02,3091.0,1404.0,1.0
log_tau_participant_raw[104],0.756,0.638,-0.317,1.993,0.011,0.011,3766.0,2598.0,1.0
log_tau_participant_raw[105],-0.701,0.383,-1.409,-0.055,0.009,0.017,2502.0,1371.0,1.0
log_tau_participant_raw[106],0.452,0.686,-0.676,1.771,0.012,0.011,3731.0,2815.0,1.0
log_tau_participant_raw[107],0.32,0.628,-0.651,1.57,0.014,0.016,3038.0,1924.0,1.0
log_tau_participant_raw[108],-1.337,0.364,-1.981,-0.613,0.007,0.007,3059.0,2330.0,1.0
log_tau_participant_raw[109],-0.959,0.351,-1.571,-0.249,0.006,0.008,3625.0,2206.0,1.0
log_tau_participant_raw[110],0.755,0.636,-0.315,1.967,0.011,0.013,4391.0,2382.0,1.0
log_tau_participant_raw[111],-1.23,0.335,-1.851,-0.601,0.006,0.006,3396.0,2405.0,1.0
log_tau_participant_raw[112],0.668,0.688,-0.504,1.998,0.012,0.011,4226.0,2542.0,1.0
log_tau_participant_raw[113],0.711,0.701,-0.529,2.009,0.011,0.011,4615.0,3056.0,1.0
log_tau_participant_raw[114],0.727,0.696,-0.43,2.095,0.013,0.014,3554.0,2275.0,1.0
log_tau_participant_raw[115],0.837,0.672,-0.344,2.103,0.013,0.013,3358.0,1957.0,1.0
log_tau_participant_raw[116],-1.973,0.551,-3.029,-0.96,0.009,0.013,4434.0,2128.0,1.0
log_tau_participant_raw[117],-0.106,0.595,-1.037,1.075,0.013,0.015,2789.0,1820.0,1.0
log_tau_participant_raw[118],0.963,0.642,-0.148,2.194,0.01,0.011,4270.0,2398.0,1.0
log_tau_participant_raw[119],0.493,0.646,-0.593,1.719,0.011,0.011,3886.0,2394.0,1.0
log_tau_participant_raw[120],0.617,0.689,-0.617,1.874,0.011,0.012,4340.0,2375.0,1.0
log_tau_participant_raw[121],0.55,0.685,-0.654,1.856,0.013,0.014,3738.0,2021.0,1.0
log_tau_participant_raw[122],-1.525,0.378,-2.225,-0.8,0.006,0.007,3743.0,2829.0,1.0
log_tau_participant_raw[123],0.977,0.638,-0.13,2.191,0.01,0.011,4387.0,2584.0,1.0
log_tau_participant_raw[124],0.937,0.677,-0.272,2.181,0.011,0.011,4369.0,2755.0,1.0
log_tau_participant_raw[125],0.421,0.632,-0.538,1.703,0.013,0.014,3537.0,1851.0,1.0
log_tau_participant_raw[126],1.032,0.628,-0.088,2.22,0.012,0.012,3355.0,2479.0,1.0
log_tau_participant_raw[127],0.31,0.607,-0.641,1.545,0.013,0.014,3293.0,1874.0,1.0
log_tau_participant_raw[128],0.04,0.63,-0.977,1.231,0.013,0.014,3345.0,2053.0,1.0
log_tau_participant_raw[129],0.683,0.668,-0.412,1.977,0.012,0.011,3583.0,2619.0,1.0
log_tau_participant_raw[130],-1.533,0.36,-2.222,-0.87,0.006,0.008,3350.0,2705.0,1.0
log_tau_participant_raw[131],0.629,0.672,-0.51,1.904,0.013,0.013,3532.0,1986.0,1.0
log_tau_participant_raw[132],0.676,0.634,-0.433,1.871,0.011,0.01,4293.0,3060.0,1.01
log_tau_participant_raw[133],-0.357,0.544,-1.196,0.731,0.014,0.019,2370.0,1205.0,1.0
log_tau_participant_raw[134],-1.613,0.424,-2.441,-0.845,0.009,0.01,2581.0,2294.0,1.0
log_tau_participant_raw[135],-0.712,0.378,-1.357,-0.066,0.009,0.018,3186.0,1497.0,1.0
log_tau_participant_raw[136],0.363,0.691,-0.741,1.696,0.015,0.013,2839.0,2030.0,1.0
log_tau_participant_raw[137],-0.968,0.329,-1.581,-0.35,0.006,0.007,3721.0,2501.0,1.0
log_tau_participant_raw[138],0.217,0.655,-0.802,1.517,0.012,0.013,3845.0,2415.0,1.0
log_tau_participant_raw[139],0.777,0.648,-0.282,2.032,0.012,0.012,3621.0,2262.0,1.0
log_tau_participant_raw[140],0.832,0.655,-0.313,2.005,0.012,0.012,3509.0,2508.0,1.0
log_tau_participant_raw[141],0.465,0.652,-0.59,1.717,0.013,0.013,3223.0,2108.0,1.0
log_tau_participant_raw[142],-0.386,1.046,-2.29,1.562,0.016,0.016,4298.0,2952.0,1.0
log_tau_participant_raw[143],-0.725,0.52,-1.616,0.272,0.011,0.015,3196.0,1733.0,1.0
log_tau_participant_raw[144],-1.563,0.392,-2.305,-0.831,0.007,0.008,3422.0,1941.0,1.0
log_tau_participant_raw[145],-0.96,0.346,-1.598,-0.312,0.006,0.007,3870.0,2917.0,1.0
log_tau_participant_raw[146],-0.404,0.513,-1.218,0.512,0.014,0.024,2530.0,1137.0,1.0
log_tau_participant_raw[147],0.689,0.658,-0.364,1.985,0.011,0.012,4227.0,2437.0,1.0
log_tau_participant_raw[148],-1.372,0.365,-2.074,-0.697,0.007,0.005,3000.0,2876.0,1.0
log_tau_participant_raw[149],-0.237,0.516,-1.032,0.755,0.014,0.02,2500.0,1143.0,1.0
log_tau_participant_raw[150],-0.004,0.541,-0.841,1.049,0.013,0.016,2482.0,1502.0,1.0
log_tau_participant_raw[151],0.868,0.64,-0.186,2.088,0.011,0.011,3823.0,2260.0,1.0
log_tau_participant_raw[152],1.095,0.646,-0.017,2.305,0.01,0.011,4521.0,2276.0,1.0
log_tau_participant_raw[153],-0.593,0.452,-1.319,0.218,0.012,0.021,2636.0,972.0,1.0
log_tau_participant_raw[154],-0.046,0.555,-0.885,1.035,0.011,0.017,3508.0,2049.0,1.01
log_tau_participant_raw[155],0.476,0.66,-0.609,1.716,0.012,0.012,3657.0,2324.0,1.0
log_tau_participant_raw[156],1.061,0.651,-0.102,2.258,0.011,0.011,4406.0,2431.0,1.0
log_tau_participant_raw[157],0.673,0.64,-0.375,1.929,0.011,0.012,3793.0,2554.0,1.01
log_tau_participant_raw[158],0.864,0.669,-0.251,2.164,0.011,0.012,4047.0,2234.0,1.0
log_tau_participant_raw[159],0.73,0.647,-0.322,2.021,0.011,0.012,4220.0,2590.0,1.0
log_tau_participant_raw[160],0.527,0.691,-0.608,1.88,0.013,0.013,3166.0,2327.0,1.0
log_tau_participant_raw[161],0.328,0.655,-0.771,1.569,0.012,0.012,3554.0,2493.0,1.0
log_tau_participant_raw[162],-0.413,0.475,-1.223,0.444,0.011,0.016,2511.0,1647.0,1.0
log_tau_participant_raw[163],0.476,0.628,-0.55,1.624,0.011,0.012,4007.0,2618.0,1.0
log_tau_participant_raw[164],0.197,0.566,-0.656,1.315,0.012,0.013,3043.0,2229.0,1.0
log_tau_participant_raw[165],0.238,0.575,-0.646,1.342,0.012,0.014,3504.0,1901.0,1.0
log_tau_participant_raw[166],-0.556,0.402,-1.23,0.21,0.01,0.015,3079.0,1138.0,1.01
log_tau_participant_raw[167],-0.118,0.511,-0.949,0.836,0.012,0.017,3045.0,1474.0,1.0
log_tau_participant_raw[168],0.893,0.672,-0.345,2.127,0.012,0.012,3843.0,2189.0,1.0
log_tau_participant_raw[169],0.829,0.68,-0.398,2.058,0.012,0.012,3914.0,2122.0,1.0
log_tau_participant_raw[170],-0.208,0.522,-0.995,0.817,0.012,0.016,3018.0,1686.0,1.0
log_tau_participant_raw[171],0.694,0.631,-0.32,1.938,0.012,0.013,3421.0,2224.0,1.0
log_tau_participant_raw[172],0.899,0.665,-0.254,2.164,0.012,0.012,3394.0,2338.0,1.0
log_tau_participant_raw[173],0.477,0.665,-0.615,1.689,0.013,0.013,3905.0,2064.0,1.0
log_tau_participant_raw[174],-0.406,0.41,-1.092,0.348,0.009,0.015,3180.0,1522.0,1.0
log_tau_participant_raw[175],-0.294,0.449,-1.056,0.492,0.012,0.018,2267.0,1294.0,1.0
log_tau_participant_raw[176],0.917,0.658,-0.253,2.101,0.012,0.012,3751.0,2531.0,1.0
log_tau_participant_raw[177],0.576,0.625,-0.392,1.823,0.012,0.012,3613.0,2087.0,1.0
log_tau_participant_raw[178],-1.124,0.349,-1.795,-0.473,0.006,0.006,3419.0,2810.0,1.0
log_tau_participant_raw[179],1.005,0.649,-0.13,2.226,0.011,0.011,4249.0,2719.0,1.0
log_tau_participant_raw[180],-0.456,0.493,-1.218,0.492,0.011,0.017,2959.0,1429.0,1.0
log_tau_participant_raw[181],0.628,0.625,-0.427,1.835,0.011,0.011,3760.0,2403.0,1.0
log_tau_participant_raw[182],1.334,0.64,0.239,2.588,0.01,0.011,4406.0,2222.0,1.0
log_tau_participant_raw[183],0.645,0.667,-0.524,1.855,0.012,0.012,3746.0,2414.0,1.0
log_tau_participant_raw[184],0.778,0.685,-0.369,2.113,0.011,0.012,4690.0,2144.0,1.0
log_tau_participant_raw[185],0.963,0.635,-0.134,2.177,0.01,0.011,4521.0,2667.0,1.0
log_tau_participant_raw[186],1.052,0.646,-0.044,2.321,0.012,0.012,3790.0,2242.0,1.0
log_tau_participant_raw[187],0.914,0.668,-0.228,2.194,0.011,0.012,4532.0,2301.0,1.0
log_tau_participant_raw[188],0.151,0.622,-0.778,1.392,0.015,0.018,2600.0,1439.0,1.0
log_tau_participant_raw[189],0.118,0.656,-1.0,1.302,0.015,0.016,2737.0,1758.0,1.0
log_tau_participant_raw[190],0.613,0.703,-0.548,1.943,0.014,0.015,3465.0,2156.0,1.0
log_tau_participant_raw[191],-1.987,0.516,-2.974,-1.057,0.008,0.01,4877.0,2705.0,1.0
log_tau_participant_raw[192],1.022,0.623,-0.031,2.239,0.01,0.012,4494.0,2440.0,1.0
log_tau_participant_raw[193],-0.293,0.605,-1.266,0.85,0.015,0.021,2437.0,1403.0,1.0
log_tau_participant_raw[194],-1.049,0.307,-1.588,-0.449,0.005,0.006,3877.0,2660.0,1.0
log_tau_participant_raw[195],-0.484,0.371,-1.108,0.217,0.007,0.012,3266.0,1666.0,1.0
log_tau_participant_raw[196],0.375,0.643,-0.713,1.576,0.012,0.012,3725.0,2581.0,1.0
log_tau_participant_raw[197],-0.119,0.493,-0.938,0.81,0.011,0.015,2898.0,1427.0,1.0
log_tau_participant_raw[198],-0.922,0.391,-1.582,-0.269,0.012,0.024,2247.0,1026.0,1.0
log_tau_participant_raw[199],0.605,0.668,-0.556,1.838,0.012,0.014,3806.0,2164.0,1.0
log_tau_participant_raw[200],-0.694,0.351,-1.32,-0.064,0.007,0.012,3516.0,1838.0,1.0
log_tau_participant_raw[201],-0.038,0.658,-1.087,1.25,0.014,0.016,3121.0,2025.0,1.0
log_tau_participant_raw[202],0.802,0.678,-0.352,2.121,0.012,0.011,3761.0,2449.0,1.0
log_tau_participant_raw[203],-1.482,0.388,-2.25,-0.787,0.006,0.007,4092.0,2955.0,1.0
log_tau_participant_raw[204],0.408,0.666,-0.637,1.739,0.012,0.012,4167.0,2322.0,1.0
log_tau_participant_raw[205],1.208,0.627,0.126,2.422,0.011,0.011,3966.0,2514.0,1.0
log_tau_participant_raw[206],-0.253,0.506,-1.028,0.689,0.013,0.028,2772.0,1414.0,1.0
log_tau_participant_raw[207],0.341,0.669,-0.734,1.647,0.013,0.013,3290.0,2252.0,1.0
log_tau_participant_raw[208],0.932,0.629,-0.114,2.147,0.011,0.011,4123.0,2489.0,1.0
log_tau_participant_raw[209],0.496,0.663,-0.586,1.77,0.013,0.012,3100.0,2520.0,1.0
log_tau_participant_raw[210],-0.386,0.5,-1.18,0.598,0.012,0.014,2873.0,1449.0,1.0
log_tau_participant_raw[211],0.299,0.663,-0.767,1.541,0.013,0.014,3160.0,2565.0,1.0
log_tau_participant_raw[212],0.553,0.639,-0.477,1.771,0.012,0.012,3788.0,2407.0,1.0
log_tau_participant_raw[213],0.434,0.628,-0.59,1.657,0.012,0.013,3245.0,2374.0,1.0
log_tau_participant_raw[214],0.746,0.682,-0.435,2.0,0.012,0.014,3794.0,2622.0,1.0
log_tau_participant_raw[215],-1.023,0.322,-1.618,-0.443,0.007,0.008,2777.0,1879.0,1.0
log_tau_participant_raw[216],0.042,0.64,-0.93,1.331,0.014,0.016,2933.0,1897.0,1.0
log_tau_participant_raw[217],-0.191,0.56,-1.1,0.891,0.012,0.015,3362.0,1760.0,1.0
log_tau_participant_raw[218],-0.132,0.663,-1.178,1.175,0.014,0.016,2972.0,1993.0,1.0
log_tau_participant_raw[219],-0.999,0.324,-1.565,-0.362,0.006,0.006,3235.0,2578.0,1.0
log_tau_participant_raw[220],0.934,0.661,-0.2,2.184,0.011,0.011,4041.0,2643.0,1.0
log_tau_participant_raw[221],0.631,0.664,-0.479,1.906,0.011,0.013,3991.0,2357.0,1.0
log_tau_participant_raw[222],0.811,0.675,-0.328,2.071,0.011,0.012,4728.0,2317.0,1.0
log_tau_participant_raw[223],0.487,0.678,-0.679,1.717,0.012,0.013,3811.0,2687.0,1.0
log_tau_participant_raw[224],0.749,0.664,-0.447,1.953,0.012,0.012,3665.0,2491.0,1.0
log_tau_participant_raw[225],0.613,0.676,-0.468,1.932,0.012,0.014,3712.0,2347.0,1.0
log_tau_participant_raw[226],0.992,0.641,-0.088,2.242,0.01,0.01,4296.0,2686.0,1.0
log_tau_participant_raw[227],-0.047,0.556,-0.929,1.026,0.013,0.016,2708.0,1796.0,1.0
log_tau_participant_raw[228],0.421,0.719,-0.807,1.771,0.012,0.012,4025.0,2831.0,1.0
log_tau_participant_raw[229],0.278,0.806,-1.192,1.744,0.012,0.013,4878.0,2967.0,1.0
log_tau_participant_raw[230],0.605,0.7,-0.589,1.939,0.013,0.013,3381.0,2276.0,1.0
log_tau_participant_raw[231],1.125,0.641,0.018,2.353,0.01,0.01,4160.0,2792.0,1.0
log_tau_participant_raw[232],-0.704,0.485,-1.444,0.244,0.011,0.017,3208.0,1561.0,1.0
log_tau_participant_raw[233],-0.584,0.371,-1.246,0.058,0.009,0.017,2347.0,1639.0,1.0
log_tau_participant_raw[234],1.23,0.623,0.07,2.35,0.01,0.011,4212.0,2616.0,1.0
log_tau_participant_raw[235],0.47,0.63,-0.636,1.617,0.013,0.012,3081.0,2252.0,1.0
log_tau_participant_raw[236],-0.048,0.506,-0.838,0.951,0.011,0.016,3154.0,1711.0,1.0
log_tau_participant_raw[237],-0.773,0.838,-2.408,0.879,0.013,0.017,4535.0,2261.0,1.0
log_tau_participant_raw[238],0.969,0.671,-0.214,2.208,0.011,0.011,3970.0,2431.0,1.0
log_tau_participant_raw[239],-0.128,0.759,-1.416,1.288,0.014,0.013,3755.0,2686.0,1.0
log_tau_participant_raw[240],0.147,0.594,-0.721,1.316,0.013,0.016,3283.0,1739.0,1.0
log_tau_participant_raw[241],-1.375,0.373,-2.084,-0.694,0.006,0.007,3384.0,2732.0,1.0
log_tau_participant_raw[242],-0.356,0.562,-1.233,0.724,0.012,0.02,3346.0,1619.0,1.0
log_tau_participant_raw[243],-0.503,0.469,-1.287,0.316,0.011,0.02,2947.0,1497.0,1.0
log_tau_participant_raw[244],-1.556,0.465,-2.467,-0.737,0.011,0.011,1894.0,1764.0,1.0
log_tau_participant_raw[245],-0.571,0.465,-1.339,0.297,0.01,0.014,3400.0,1763.0,1.0
log_tau_participant_raw[246],0.721,0.65,-0.317,2.021,0.012,0.013,3789.0,2225.0,1.0
log_tau_participant_raw[247],0.529,0.698,-0.664,1.816,0.012,0.013,3868.0,2115.0,1.0
log_tau_participant_raw[248],0.528,0.678,-0.567,1.807,0.013,0.013,2994.0,2148.0,1.0
log_tau_participant_raw[249],-1.069,0.346,-1.678,-0.42,0.007,0.009,2687.0,2151.0,1.0
log_tau_participant_raw[250],-1.904,0.572,-3.003,-0.823,0.008,0.012,4846.0,2316.0,1.0
log_tau_participant_raw[251],0.815,0.668,-0.339,2.078,0.011,0.012,4134.0,2358.0,1.0
log_tau_participant_raw[252],-0.74,0.389,-1.424,0.01,0.007,0.014,4090.0,2161.0,1.0
log_tau_participant_raw[253],1.081,0.628,0.006,2.272,0.011,0.011,3979.0,2746.0,1.0
log_tau_participant_raw[254],-0.147,0.541,-1.015,0.861,0.011,0.015,3196.0,1826.0,1.0
log_tau_participant_raw[255],-1.416,0.353,-2.071,-0.743,0.006,0.006,3679.0,2301.0,1.0
log_tau_participant_raw[256],1.029,0.662,-0.124,2.299,0.012,0.011,3680.0,2581.0,1.0
log_tau_participant_raw[257],0.151,0.56,-0.741,1.217,0.012,0.014,3346.0,2114.0,1.0
log_tau_participant_raw[258],0.819,0.67,-0.327,2.094,0.012,0.013,3811.0,2495.0,1.0
log_tau_participant_raw[259],-0.641,0.466,-1.415,0.235,0.013,0.02,2111.0,1113.0,1.0
log_tau_participant_raw[260],0.546,0.652,-0.578,1.736,0.011,0.012,4273.0,2319.0,1.0
log_tau_participant_raw[261],0.523,0.672,-0.596,1.84,0.012,0.011,3540.0,2672.0,1.0
log_tau_participant_raw[262],0.898,0.636,-0.145,2.126,0.011,0.011,4185.0,2395.0,1.0
log_tau_participant_raw[263],-1.517,0.392,-2.266,-0.807,0.008,0.007,2620.0,2496.0,1.0
log_tau_participant_raw[264],-0.808,0.391,-1.526,-0.149,0.009,0.018,2881.0,1763.0,1.0
log_tau_participant_raw[265],0.617,0.671,-0.524,1.867,0.012,0.011,3993.0,2694.0,1.0
log_tau_participant_raw[266],-0.997,0.497,-1.921,-0.149,0.01,0.02,3847.0,1524.0,1.0
log_tau_participant_raw[267],-0.292,0.444,-0.972,0.554,0.01,0.016,3071.0,1318.0,1.0
log_tau_participant_raw[268],0.572,0.641,-0.513,1.807,0.012,0.012,3523.0,2397.0,1.0
log_tau_participant_raw[269],-1.331,0.34,-1.991,-0.73,0.006,0.006,3296.0,2314.0,1.0
log_tau_participant_raw[270],-1.808,0.545,-2.846,-0.791,0.01,0.01,3304.0,2731.0,1.0
log_tau_participant_raw[271],-0.303,0.485,-1.085,0.603,0.011,0.017,3208.0,1402.0,1.0
log_tau_participant_raw[272],0.331,0.66,-0.694,1.614,0.012,0.014,3630.0,2488.0,1.0
log_tau_participant_raw[273],1.124,0.626,0.002,2.289,0.01,0.011,4521.0,3168.0,1.0
log_tau_participant_raw[274],0.415,0.677,-0.68,1.714,0.012,0.012,3617.0,2511.0,1.0
log_tau_participant_raw[275],0.335,0.677,-0.782,1.625,0.013,0.013,3190.0,2283.0,1.0
log_tau_participant_raw[276],0.605,0.685,-0.59,1.888,0.013,0.013,3485.0,2265.0,1.0
log_tau_participant_raw[277],0.654,0.67,-0.476,1.921,0.011,0.011,4779.0,2994.0,1.0
log_tau_participant_raw[278],-0.123,0.486,-0.953,0.789,0.011,0.015,3128.0,1771.0,1.0
log_tau_participant_raw[279],0.339,0.666,-0.728,1.589,0.013,0.013,3599.0,2403.0,1.0
log_tau_participant_raw[280],-0.139,0.581,-1.081,0.994,0.012,0.014,2906.0,1885.0,1.0
log_tau_participant_raw[281],-0.674,0.465,-1.425,0.176,0.012,0.023,2822.0,1297.0,1.0
log_tau_participant_raw[282],0.703,0.639,-0.362,1.874,0.012,0.012,3804.0,2573.0,1.0
log_tau_participant_raw[283],0.175,0.561,-0.686,1.296,0.013,0.014,2860.0,1836.0,1.01
log_tau_participant_raw[284],0.521,0.647,-0.527,1.768,0.013,0.013,3473.0,2152.0,1.0
log_tau_participant_raw[285],-0.192,0.57,-1.125,0.882,0.013,0.015,2898.0,1786.0,1.0
log_tau_participant_raw[286],1.171,0.652,0.044,2.414,0.013,0.013,3133.0,1982.0,1.0
log_tau_participant_raw[287],-0.421,0.824,-1.749,1.216,0.017,0.018,3194.0,2020.0,1.0
log_tau_participant_raw[288],-1.647,0.384,-2.396,-0.969,0.007,0.007,3487.0,2437.0,1.0
log_tau_participant_raw[289],-0.754,0.324,-1.335,-0.168,0.006,0.01,3281.0,2600.0,1.0
log_tau_participant_raw[290],-1.203,0.343,-1.856,-0.588,0.006,0.005,3500.0,2937.0,1.0
log_tau_participant_raw[291],-1.344,0.349,-1.993,-0.677,0.006,0.006,3637.0,2545.0,1.0
log_tau_participant_raw[292],0.382,0.664,-0.695,1.697,0.013,0.012,3057.0,2063.0,1.0
log_tau_participant_raw[293],-0.204,0.554,-1.14,0.818,0.013,0.015,2550.0,1533.0,1.0
log_tau_participant_raw[294],0.194,0.572,-0.726,1.303,0.012,0.014,3482.0,1967.0,1.0
log_tau_participant_raw[295],0.249,0.624,-0.71,1.489,0.014,0.015,2836.0,2016.0,1.0
log_tau_participant_raw[296],0.925,0.638,-0.196,2.088,0.01,0.011,4267.0,2664.0,1.0
log_tau_participant_raw[297],0.385,0.689,-0.781,1.655,0.013,0.014,3473.0,2005.0,1.0
log_tau_participant_raw[298],-1.586,0.528,-2.543,-0.594,0.009,0.01,3650.0,3010.0,1.0
log_tau_participant_raw[299],0.622,0.656,-0.454,1.874,0.012,0.013,4062.0,2147.0,1.0
log_tau_participant_raw[300],0.735,0.702,-0.476,2.102,0.012,0.011,3899.0,2671.0,1.0
log_tau_participant_raw[301],-1.684,0.584,-2.818,-0.649,0.008,0.01,5593.0,2790.0,1.0
log_tau_participant_raw[302],0.793,0.667,-0.39,2.011,0.012,0.011,3764.0,2364.0,1.0
log_tau_participant_raw[303],0.771,0.668,-0.424,1.99,0.013,0.013,3427.0,1966.0,1.0
log_tau_participant_raw[304],-0.41,0.509,-1.183,0.606,0.014,0.019,2195.0,1233.0,1.0
log_tau_participant_raw[305],0.874,0.66,-0.263,2.149,0.012,0.011,3742.0,2262.0,1.0
log_tau_participant_raw[306],-2.085,0.549,-3.121,-1.092,0.009,0.01,3670.0,2271.0,1.0
log_tau_participant_raw[307],0.683,0.672,-0.493,1.911,0.012,0.012,3656.0,2208.0,1.0
log_tau_participant_raw[308],0.049,0.71,-1.083,1.432,0.014,0.015,3410.0,2047.0,1.0
log_tau_participant_raw[309],-2.156,0.524,-3.137,-1.146,0.008,0.01,4442.0,2543.0,1.0
log_tau_participant_raw[310],0.409,0.631,-0.526,1.689,0.013,0.014,3089.0,1890.0,1.0
log_tau_participant_raw[311],-0.663,0.367,-1.284,-0.002,0.01,0.019,2459.0,1086.0,1.0
log_tau_participant_raw[312],-0.809,0.41,-1.503,-0.118,0.01,0.022,3102.0,1183.0,1.0
log_tau_participant_raw[313],-1.979,0.562,-2.988,-0.901,0.008,0.01,4903.0,2844.0,1.0
log_tau_participant_raw[314],0.323,0.673,-0.737,1.617,0.014,0.014,3094.0,2499.0,1.0
log_tau_participant_raw[315],-1.242,0.354,-1.881,-0.576,0.007,0.007,3097.0,2095.0,1.0
log_tau_participant_raw[316],0.571,0.661,-0.491,1.866,0.011,0.011,4208.0,2393.0,1.0
log_tau_participant_raw[317],0.805,0.709,-0.342,2.208,0.012,0.012,3946.0,2745.0,1.0
log_tau_participant_raw[318],-0.134,0.497,-0.939,0.765,0.014,0.023,2299.0,1103.0,1.01
log_tau_participant_raw[319],-0.576,0.39,-1.249,0.135,0.009,0.015,2759.0,1320.0,1.0
log_tau_participant_raw[320],-1.46,0.478,-2.357,-0.551,0.008,0.009,3456.0,2552.0,1.0
log_tau_participant_raw[321],0.452,0.648,-0.614,1.693,0.012,0.011,3514.0,2543.0,1.0
log_tau_participant_raw[322],1.046,0.636,-0.094,2.237,0.01,0.012,4334.0,2653.0,1.0
log_tau_participant_raw[323],-1.003,0.347,-1.601,-0.364,0.007,0.013,2840.0,1797.0,1.0
log_tau_participant_raw[324],-0.577,0.635,-1.65,0.664,0.013,0.018,3443.0,1628.0,1.0
log_tau_participant_raw[325],-0.328,0.557,-1.176,0.751,0.012,0.018,2994.0,1948.0,1.0
log_tau_participant_raw[326],0.131,0.724,-1.072,1.556,0.015,0.016,2901.0,1856.0,1.0
log_tau_participant_raw[327],0.431,0.774,-0.851,1.941,0.013,0.012,4062.0,3033.0,1.0
log_tau_participant_raw[328],0.94,0.637,-0.166,2.127,0.01,0.011,4473.0,2694.0,1.0
log_tau_participant_raw[329],-0.94,0.357,-1.581,-0.27,0.007,0.01,3187.0,1755.0,1.0
log_tau_participant_raw[330],0.252,0.632,-0.773,1.447,0.013,0.014,3211.0,2167.0,1.0
log_tau_participant_raw[331],-0.386,0.55,-1.263,0.667,0.012,0.017,2813.0,1679.0,1.0
log_tau_participant_raw[332],-0.212,0.575,-1.085,0.969,0.014,0.019,2671.0,1319.0,1.0
log_tau_participant_raw[333],-0.141,0.601,-1.119,1.0,0.015,0.02,2563.0,1275.0,1.0
log_tau_participant_raw[334],0.867,0.652,-0.256,2.084,0.011,0.013,3855.0,2285.0,1.0
log_tau_participant_raw[335],-0.434,0.543,-1.266,0.572,0.014,0.022,2471.0,1290.0,1.0
log_tau_participant_raw[336],-0.29,0.579,-1.215,0.78,0.014,0.019,2605.0,1568.0,1.0
log_tau_participant_raw[337],-0.367,0.415,-1.07,0.388,0.01,0.017,2903.0,1319.0,1.0
log_tau_participant_raw[338],0.001,0.63,-0.992,1.246,0.014,0.017,3063.0,1904.0,1.0
log_tau_participant_raw[339],-0.099,0.623,-1.052,1.187,0.013,0.016,2864.0,1916.0,1.0
log_tau_participant_raw[340],0.952,0.646,-0.187,2.157,0.01,0.011,4531.0,2700.0,1.0
log_tau_participant_raw[341],-1.081,0.349,-1.749,-0.452,0.006,0.006,3851.0,2495.0,1.0
log_tau_participant_raw[342],-0.124,0.55,-1.017,0.904,0.012,0.015,3217.0,1821.0,1.0
log_tau_participant_raw[343],1.072,0.643,-0.097,2.267,0.01,0.01,4356.0,2714.0,1.0
log_tau_participant_raw[344],0.97,0.66,-0.138,2.266,0.012,0.012,3503.0,2301.0,1.0
log_tau_participant_raw[345],-0.67,0.433,-1.421,0.092,0.01,0.018,2654.0,1271.0,1.0
log_tau_participant_raw[346],0.367,0.678,-0.744,1.683,0.013,0.012,3163.0,2488.0,1.0
log_tau_participant_raw[347],1.037,0.665,-0.081,2.327,0.011,0.013,4399.0,2124.0,1.0
log_tau_participant_raw[348],0.16,0.656,-0.908,1.427,0.014,0.014,2949.0,1808.0,1.0
log_tau_participant_raw[349],-0.222,0.446,-0.951,0.661,0.009,0.012,3103.0,1964.0,1.0
log_tau_participant_raw[350],0.695,0.675,-0.452,2.007,0.014,0.012,2815.0,2400.0,1.0
log_tau_participant_raw[351],-0.343,0.68,-1.459,1.033,0.014,0.017,3338.0,2034.0,1.0
log_tau_participant_raw[352],-1.236,0.353,-1.854,-0.54,0.006,0.007,3670.0,2281.0,1.0
log_tau_participant_raw[353],-0.723,0.392,-1.359,0.02,0.01,0.016,2140.0,1200.0,1.0
log_tau_participant_raw[354],-0.336,0.419,-1.065,0.421,0.011,0.015,2339.0,1551.0,1.0
log_tau_participant_raw[355],-0.951,0.328,-1.578,-0.339,0.006,0.006,3678.0,2295.0,1.0
log_tau_participant_raw[356],-1.048,0.36,-1.705,-0.383,0.008,0.01,2677.0,1716.0,1.0
log_tau_participant_raw[357],0.164,0.603,-0.787,1.373,0.012,0.014,3667.0,2287.0,1.0
log_tau_participant_raw[358],0.505,0.695,-0.674,1.773,0.012,0.013,3916.0,2319.0,1.0
log_tau_participant_raw[359],-1.788,0.453,-2.649,-0.958,0.008,0.01,3327.0,2242.0,1.0
log_tau_participant_raw[360],1.027,0.646,-0.064,2.258,0.011,0.012,3834.0,2430.0,1.0
log_tau_participant_raw[361],0.8,0.655,-0.357,1.979,0.011,0.012,3916.0,2445.0,1.0
log_tau_participant_raw[362],1.088,0.65,-0.014,2.344,0.01,0.01,4731.0,2712.0,1.0
log_tau_participant_raw[363],0.117,0.618,-0.891,1.292,0.013,0.014,3139.0,2107.0,1.0
log_tau_participant_raw[364],-0.243,0.617,-1.197,0.948,0.013,0.016,3044.0,2100.0,1.0
log_tau_participant_raw[365],0.829,0.655,-0.307,2.067,0.011,0.012,4284.0,2269.0,1.0
log_tau_participant_raw[366],1.299,0.607,0.231,2.441,0.01,0.011,4502.0,2404.0,1.0
log_tau_participant_raw[367],0.991,0.652,-0.148,2.238,0.01,0.011,4461.0,2454.0,1.0
log_tau_participant_raw[368],0.533,0.675,-0.635,1.791,0.012,0.013,3903.0,2267.0,1.0
log_tau_participant_raw[369],0.407,0.638,-0.65,1.605,0.012,0.013,3960.0,2651.0,1.0
log_tau_participant_raw[370],0.827,0.653,-0.313,2.006,0.011,0.012,4290.0,2537.0,1.0
log_tau_participant_raw[371],0.219,0.667,-0.869,1.488,0.013,0.013,3703.0,2394.0,1.0
log_tau_participant_raw[372],0.464,0.651,-0.599,1.701,0.012,0.012,3628.0,2856.0,1.0
log_tau_participant_raw[373],0.756,0.683,-0.423,2.047,0.012,0.013,4209.0,2351.0,1.0
log_tau_participant_raw[374],0.405,0.62,-0.63,1.562,0.013,0.014,3252.0,1835.0,1.0
log_tau_participant_raw[375],0.861,0.667,-0.304,2.124,0.011,0.011,3986.0,2501.0,1.0
log_tau_participant_raw[376],0.577,0.659,-0.479,1.856,0.012,0.012,3814.0,2417.0,1.0
log_tau_participant_raw[377],1.006,0.656,-0.155,2.28,0.011,0.012,4063.0,2267.0,1.0
log_tau_participant_raw[378],0.787,0.669,-0.394,2.038,0.011,0.012,4299.0,2498.0,1.0
log_tau_participant_raw[379],0.545,0.683,-0.607,1.812,0.012,0.013,4024.0,2490.0,1.0
log_tau_participant_raw[380],0.229,0.658,-0.868,1.485,0.012,0.015,4156.0,1866.0,1.0
log_tau_participant_raw[381],-1.757,0.7,-3.003,-0.417,0.012,0.02,4025.0,1836.0,1.0
log_tau_participant_raw[382],0.703,0.693,-0.459,2.034,0.012,0.012,3841.0,2173.0,1.0
log_tau_participant_raw[383],0.753,0.653,-0.375,1.949,0.012,0.012,3683.0,2137.0,1.0
log_tau_participant_raw[384],-1.256,0.33,-1.875,-0.636,0.005,0.007,3978.0,2378.0,1.0
log_tau_participant_raw[385],0.195,0.676,-0.859,1.552,0.014,0.015,2908.0,1944.0,1.0
log_tau_participant_raw[386],-1.006,0.347,-1.631,-0.349,0.006,0.007,3560.0,2650.0,1.0
log_tau_participant_raw[387],0.193,0.616,-0.775,1.39,0.012,0.015,3575.0,1981.0,1.0
log_tau_participant_raw[388],-0.377,0.653,-1.458,0.88,0.015,0.017,2923.0,1635.0,1.0
log_tau_participant_raw[389],-0.335,0.534,-1.244,0.653,0.011,0.014,3421.0,1560.0,1.0
log_tau_participant_raw[390],0.807,0.682,-0.304,2.166,0.012,0.012,4065.0,2087.0,1.0
log_tau_participant_raw[391],1.048,0.639,-0.117,2.237,0.009,0.011,5364.0,2453.0,1.0
log_tau_participant_raw[392],-0.178,0.828,-1.472,1.579,0.015,0.015,3836.0,2542.0,1.0
log_tau_participant_raw[393],0.716,0.685,-0.493,1.971,0.011,0.012,4703.0,2407.0,1.0
log_tau_participant_raw[394],-0.765,0.354,-1.395,-0.111,0.007,0.011,3028.0,1933.0,1.0
log_tau_participant_raw[395],-0.085,0.813,-1.473,1.472,0.014,0.014,3913.0,2674.0,1.0
log_tau_participant_raw[396],0.92,0.657,-0.267,2.122,0.011,0.01,4163.0,2479.0,1.0
log_tau_participant_raw[397],0.002,0.738,-1.337,1.319,0.014,0.013,3560.0,2522.0,1.0
log_tau_participant_raw[398],0.376,0.694,-0.785,1.673,0.013,0.013,3681.0,2614.0,1.0
log_tau_participant_raw[399],0.73,0.655,-0.379,1.952,0.012,0.013,3600.0,2415.0,1.0
log_tau_participant_raw[400],0.465,0.64,-0.592,1.689,0.012,0.013,4057.0,2239.0,1.0
log_tau_participant_raw[401],0.756,0.694,-0.493,2.034,0.012,0.013,4255.0,2325.0,1.0
log_tau_participant_raw[402],0.755,0.674,-0.452,1.964,0.012,0.013,3851.0,2001.0,1.0
log_tau_participant_raw[403],0.795,0.675,-0.394,2.023,0.011,0.012,4218.0,2658.0,1.0
log_tau_participant_raw[404],1.049,0.634,-0.085,2.212,0.011,0.011,3853.0,2300.0,1.0
log_tau_participant_raw[405],0.42,0.736,-0.854,1.782,0.012,0.013,4091.0,2445.0,1.0
log_tau_participant_raw[406],0.639,0.697,-0.612,1.886,0.011,0.012,4527.0,2752.0,1.0
log_tau_participant_raw[407],-0.761,0.848,-2.223,0.945,0.015,0.019,3905.0,2314.0,1.0
log_tau_participant_raw[408],-1.723,0.645,-2.932,-0.592,0.011,0.014,3684.0,2635.0,1.0
log_tau_participant_raw[409],-1.126,0.494,-2.044,-0.265,0.009,0.014,4341.0,1944.0,1.0
log_tau_participant_raw[410],0.802,0.698,-0.429,2.108,0.012,0.012,3594.0,2480.0,1.0
log_tau_participant_raw[411],-0.923,0.495,-1.837,0.001,0.009,0.013,4064.0,1735.0,1.0
log_tau_participant_raw[412],0.215,0.773,-1.065,1.707,0.013,0.013,4126.0,2685.0,1.0
log_tau_participant_raw[413],0.047,0.701,-1.102,1.389,0.013,0.014,4059.0,2274.0,1.0
log_tau_participant_raw[414],0.708,0.658,-0.358,1.99,0.011,0.012,4054.0,2566.0,1.0
log_tau_participant_raw[415],0.665,0.723,-0.685,2.013,0.013,0.013,3697.0,2322.0,1.0
log_tau_participant_raw[416],0.558,0.719,-0.71,1.879,0.013,0.013,3729.0,2275.0,1.0
log_tau_participant_raw[417],-0.563,0.835,-1.93,1.099,0.016,0.018,3523.0,2283.0,1.0
log_tau_participant_raw[418],0.608,0.766,-0.737,2.126,0.012,0.013,4184.0,2496.0,1.0
log_tau_participant_raw[419],0.622,0.698,-0.629,1.881,0.011,0.013,5248.0,2614.0,1.0
log_tau_participant_raw[420],-0.423,1.006,-2.205,1.591,0.016,0.018,4353.0,2740.0,1.0
log_tau_participant_raw[421],0.706,0.76,-0.643,2.113,0.012,0.013,4154.0,2600.0,1.0
log_tau_participant_raw[422],-0.266,0.867,-1.637,1.522,0.016,0.017,3566.0,2265.0,1.0
log_tau_participant_raw[423],0.356,0.75,-0.91,1.829,0.013,0.013,3899.0,2550.0,1.0
log_tau_participant_raw[424],-0.326,0.561,-1.239,0.763,0.013,0.016,2864.0,1415.0,1.0
log_tau_participant_raw[425],0.748,0.668,-0.384,2.002,0.011,0.011,4077.0,2901.0,1.0
log_tau_participant_raw[426],-1.285,0.427,-2.173,-0.547,0.008,0.009,2923.0,2391.0,1.0
log_tau_participant_raw[427],-0.873,0.336,-1.514,-0.277,0.006,0.008,3585.0,2377.0,1.0
log_tau_participant_raw[428],0.856,0.668,-0.281,2.151,0.012,0.011,3417.0,2187.0,1.0
log_tau_participant_raw[429],1.37,0.622,0.279,2.584,0.011,0.01,3983.0,2434.0,1.0
log_tau_participant_raw[430],-2.147,0.508,-3.097,-1.197,0.008,0.009,4219.0,2768.0,1.0
log_tau_participant_raw[431],-0.346,0.543,-1.228,0.701,0.013,0.017,2469.0,1648.0,1.0
log_tau_participant_raw[432],-1.182,0.331,-1.774,-0.551,0.006,0.006,3488.0,2880.0,1.0
log_tau_participant_raw[433],-0.326,0.542,-1.143,0.734,0.012,0.016,3204.0,1810.0,1.0
log_tau_participant_raw[434],0.013,0.633,-1.026,1.189,0.014,0.017,2925.0,1786.0,1.0
log_tau_participant_raw[435],0.931,0.685,-0.311,2.234,0.011,0.012,4077.0,2370.0,1.0
log_tau_participant_raw[436],-1.253,0.735,-2.776,0.049,0.012,0.018,4299.0,1755.0,1.0
log_tau_participant_raw[437],0.611,0.668,-0.443,1.919,0.012,0.012,3940.0,2615.0,1.0
log_tau_participant_raw[438],0.753,0.688,-0.387,2.103,0.013,0.013,3440.0,2240.0,1.0
log_tau_participant_raw[439],-1.584,0.618,-2.7,-0.353,0.01,0.012,3676.0,2361.0,1.0
log_tau_participant_raw[440],0.438,0.643,-0.625,1.629,0.014,0.014,2916.0,1729.0,1.0
log_tau_participant_raw[441],0.96,0.677,-0.28,2.188,0.011,0.012,4126.0,2593.0,1.0
log_tau_participant_raw[442],-0.145,0.583,-1.086,0.956,0.013,0.016,3176.0,1614.0,1.0
log_tau_participant_raw[443],-1.074,0.319,-1.653,-0.465,0.005,0.007,3751.0,2598.0,1.0
log_tau_participant_raw[444],0.72,0.657,-0.387,1.942,0.011,0.012,4249.0,2414.0,1.0
log_tau_participant_raw[445],-1.235,0.36,-1.94,-0.608,0.006,0.007,3442.0,2886.0,1.0
log_tau_participant_raw[446],0.394,0.651,-0.663,1.622,0.013,0.014,3296.0,2110.0,1.0
log_tau_participant_raw[447],-0.617,0.439,-1.372,0.208,0.01,0.013,2669.0,1509.0,1.0
log_tau_participant_raw[448],-0.732,0.338,-1.336,-0.112,0.009,0.017,2044.0,858.0,1.01
log_tau_participant_raw[449],-0.119,0.589,-0.985,1.101,0.014,0.016,2836.0,1647.0,1.0
log_tau_participant_raw[450],-1.218,0.342,-1.836,-0.579,0.006,0.008,3250.0,1770.0,1.0
log_tau_participant_raw[451],0.769,0.643,-0.351,1.985,0.011,0.012,3872.0,2660.0,1.0
log_tau_participant_raw[452],0.092,0.551,-0.8,1.181,0.012,0.013,3055.0,1801.0,1.0
log_tau_participant_raw[453],-0.792,0.387,-1.446,-0.079,0.008,0.014,3135.0,1782.0,1.0
log_tau_participant_raw[454],0.349,0.796,-1.061,1.807,0.014,0.014,3853.0,2215.0,1.0
log_tau_participant_raw[455],-0.493,0.685,-1.65,0.819,0.013,0.015,3877.0,2332.0,1.0
mu_log_tau,1.807,0.278,1.307,2.348,0.01,0.005,812.0,1536.0,1.0
sigma_beta_cat[0],0.283,0.218,0.0,0.676,0.004,0.004,1871.0,1590.0,1.0
sigma_beta_cat[1],0.356,0.216,0.002,0.73,0.006,0.003,1204.0,1293.0,1.0
sigma_beta_cat[2],0.434,0.232,0.049,0.87,0.006,0.004,1483.0,1467.0,1.0
sigma_beta_cat[3],0.222,0.192,0.0,0.568,0.004,0.004,1508.0,1347.0,1.0
sigma_beta_cat[4],0.354,0.231,0.0,0.756,0.006,0.004,1107.0,942.0,1.0
sigma_beta_cat[5],0.251,0.184,0.001,0.576,0.004,0.004,1456.0,1741.0,1.0
sigma_log_tau_participant,1.447,0.091,1.28,1.622,0.002,0.001,1491.0,2336.0,1.0
