SN,AT1,AT2,AT3,AT4,SN1,SN2,SN3,PBC1,PBC2,PBC3,EO1,EO2,EO3,EC1,EC2,EC3,EC4,EC5,GPI1,GPI2,GPI3,GPI4,GPB1,GPB2,GPB3,GPB4,GPB5,GPB6,Gender,Age,Marital_Status,PB,EC,EO,PI,PBC,SNs,ATT,CaseNo,ZPB,ZEC,ZEO,ZPI,ZPBC,ZSNs,ZATT,EOXEC,ATTXSN,PBCXSN,ATTXPBC
1,6,4,5,5,5,2,5,7,5,6,4,5,5,6,5,6,7,7,6,6,3,4,6,2,5,6,5,5,Male,20,Unmarried,4.8333,6.2000,4.6667,4.7500,6.0000,4.0000,5.0000,1,0.4540,1.0354,-0.0608,-0.1778,1.1780,-0.9534,-0.2410,-0.0630,0.2297,-1.1231,-0.2839
2,4,4,5,4,5,5,4,4,5,4,6,5,6,5,7,5,5,5,5,6,5,6,5,4,5,5,4,4,Female,22,Unmarried,4.5000,5.4000,5.6667,5.5000,4.3333,4.6667,4.2500,2,-0.0069,-0.1926,1.1976,0.7834,-0.8461,-0.0837,-1.2146,-0.2307,0.1017,0.0708,1.0276
3,6,5,6,6,5,5,4,6,5,4,5,6,5,5,6,7,6,6,6,7,6,6,6,4,5,6,5,5,Male,21,Unmarried,5.1667,6.0000,5.3333,6.2500,5.0000,4.6667,5.7500,3,0.9149,0.7284,0.7781,1.7446,-0.0364,-0.0837,0.7326,0.5667,-0.0613,0.0030,-0.0267
4,5,5,5,4,5,5,5,5,5,3,5,6,5,5,6,5,5,6,4,5,4,3,6,4,5,5,4,5,Male,22,Unmarried,4.8333,5.4000,5.3333,4.0000,4.3333,5.0000,4.7500,4,0.4540,-0.1926,0.7781,-1.1390,-0.8461,0.3511,-0.5655,-0.1499,-0.1986,-0.2971,0.4784
5,5,4,6,5,3,4,5,4,4,5,5,3,5,5,6,4,3,5,6,3,4,5,4,5,4,4,5,5,Male,21,Unmarried,4.5000,4.6000,4.3333,4.5000,4.3333,4.0000,5.0000,5,-0.0069,-1.4206,-0.4803,-0.4982,-0.8461,-0.9534,-0.2410,0.6823,0.2297,0.8066,0.2039
6,5,6,5,5,3,5,4,5,5,6,3,4,3,4,6,5,5,5,4,4,3,4,5,5,5,4,4,1,Male,18,Unmarried,4.0000,5.0000,3.3333,3.7500,5.3333,4.0000,5.2500,6,-0.6982,-0.8066,-1.7387,-1.4594,0.3684,-0.9534,0.0836,1.4025,-0.0797,-0.3512,0.0308
7,6,6,6,6,6,5,5,7,6,7,4,6,6,7,6,5,6,6,6,6,5,4,5,4,6,5,4,5,Male,22,Unmarried,4.8333,6.0000,5.3333,5.2500,6.6667,5.3333,6.0000,7,0.4540,0.7284,0.7781,0.4630,1.9876,0.7860,1.0572,0.5667,0.8309,1.5622,2.1013
8,6,6,5,5,4,1,2,6,6,6,4,6,6,6,5,6,5,5,6,6,3,3,6,5,4,6,4,3,Male,21,Unmarried,4.6667,5.4000,5.3333,4.5000,6.0000,2.3333,5.5000,8,0.2235,-0.1926,0.7781,-0.4982,1.1780,-3.1276,0.4081,-0.1499,-1.2763,-3.6843,0.4807
9,5,6,5,5,4,4,4,5,5,6,4,3,5,6,6,5,5,5,6,6,6,7,5,5,3,7,5,3,Male,24,Unmarried,4.6667,5.4000,4.0000,6.2500,5.3333,4.0000,5.2500,9,0.2235,-0.1926,-0.8998,1.7446,0.3684,-0.9534,0.0836,0.1733,-0.0797,-0.3512,0.0308
10,4,3,3,4,5,4,3,5,4,4,3,6,3,5,5,5,6,5,6,4,4,2,2,2,1,3,4,3,Female,21,Unmarried,2.5000,5.2000,4.0000,4.0000,4.3333,4.0000,3.5000,10,-2.7722,-0.4996,-0.8998,-1.1390,-0.8461,-0.9534,-2.1881,0.4496,2.0861,0.8066,1.8513
11,6,6,7,4,6,6,5,5,5,5,4,7,7,5,6,6,6,6,6,6,6,5,6,3,6,5,5,5,Male,21,Unmarried,5.0000,5.8000,6.0000,5.7500,5.0000,5.6667,5.7500,11,0.6844,0.4214,1.6171,1.1038,-0.0364,1.2208,0.7326,0.6814,0.8944,-0.0445,-0.0267
12,5,3,3,3,6,4,2,4,4,3,4,4,3,4,5,4,4,5,3,5,3,5,3,2,1,3,3,2,Male,19,Unmarried,2.3333,4.4000,3.6667,4.0000,3.6667,4.0000,3.5000,12,-3.0027,-1.7276,-1.3192,-1.1390,-1.6557,-0.9534,-2.1881,2.2792,2.0861,1.5785,3.6229
13,5,5,4,5,7,5,6,5,6,5,6,6,6,6,6,7,5,5,5,6,4,5,5,3,2,5,5,3,Male,21,Unmarried,3.8333,5.8000,6.0000,5.0000,5.3333,6.0000,4.7500,13,-0.9287,0.4214,1.6171,0.1426,0.3684,1.6556,-0.5655,0.6814,-0.9363,0.6099,-0.2083
14,6,5,5,6,5,6,6,5,4,5,7,7,5,6,6,7,6,6,5,5,5,5,4,4,5,4,5,5,Female,22,Unmarried,4.5000,6.2000,6.3333,5.0000,4.6667,5.6667,5.5000,14,-0.0069,1.0354,2.0365,0.1426,-0.4413,1.2208,0.4081,2.1085,0.4982,-0.5387,-0.1801
15,6,5,5,7,6,6,5,4,3,6,4,4,5,6,7,7,6,6,6,3,3,6,3,2,4,6,4,3,Female,20,Unmarried,3.6667,6.4000,4.3333,4.5000,4.3333,5.6667,5.7500,15,-1.1591,1.3424,-0.4803,-0.4982,-0.8461,1.2208,0.7326,-0.6447,0.8944,-1.0329,-0.6198
16,6,4,4,5,5,4,5,7,5,6,6,5,4,7,7,7,7,6,6,6,5,4,6,5,5,5,5,4,Male,22,Unmarried,5.0000,6.8000,5.0000,5.2500,6.0000,4.6667,4.7500,16,0.6844,1.9564,0.3586,0.4630,1.1780,-0.0837,-0.5655,0.7016,0.0473,-0.0986,-0.6662
17,4,6,6,5,7,5,4,4,4,4,5,4,7,7,7,6,6,5,2,4,5,2,5,4,4,4,3,5,Female,21,Unmarried,4.1667,6.2000,5.3333,3.2500,4.0000,5.3333,5.2500,17,-0.4678,1.0354,0.7781,-2.1002,-1.2509,0.7860,0.0836,0.8056,0.0657,-0.9832,-0.1045
18,5,4,6,7,4,6,3,5,4,4,4,4,4,5,5,5,5,6,6,5,4,5,4,3,5,5,3,4,Female,23,Unmarried,4.0000,5.2000,4.0000,5.0000,4.3333,4.3333,5.5000,18,-0.6982,-0.4996,-0.8998,0.1426,-0.8461,-0.5185,0.4081,0.4496,-0.2116,0.4387,-0.3453
19,3,4,4,4,6,4,4,5,5,5,4,4,4,5,6,6,5,6,4,5,6,4,5,3,4,5,4,5,Male,21,Unmarried,4.3333,5.6000,4.0000,4.7500,5.0000,4.6667,3.7500,19,-0.2374,0.1144,-0.8998,-0.1778,-0.0364,-0.0837,-1.8636,-0.1029,0.1560,0.0030,0.0679
20,5,7,5,7,6,5,5,4,5,5,6,5,6,7,6,7,6,7,6,6,6,4,5,4,4,4,3,4,Female,20,Unmarried,4.0000,6.6000,5.6667,5.5000,4.6667,5.3333,6.0000,20,-0.6982,1.6494,1.1976,0.7834,-0.4413,0.7860,1.0572,1.9753,0.8309,-0.3468,-0.4665
21,4,6,6,5,5,3,5,5,6,5,4,5,5,6,6,5,4,5,5,4,5,4,4,2,4,5,4,2,Female,19,Unmarried,3.5000,5.2000,4.6667,4.5000,5.3333,4.3333,5.2500,21,-1.3896,-0.4996,-0.0608,-0.4982,0.3684,-0.5185,0.0836,0.0304,-0.0433,-0.1910,0.0308
22,3,5,6,5,5,3,5,5,6,6,4,5,5,4,5,6,5,6,5,5,6,5,5,4,3,6,3,5,Male,20,Unmarried,4.3333,5.2000,4.6667,5.2500,5.6667,4.3333,4.7500,22,-0.2374,-0.4996,-0.0608,0.4630,0.7732,-0.5185,-0.5655,0.0304,0.2932,-0.4009,-0.4372
23,5,5,5,5,5,5,5,5,7,6,4,4,3,6,5,6,5,5,6,4,6,4,3,4,4,5,3,3,Female,21,Unmarried,3.6667,5.4000,3.6667,5.0000,6.0000,5.0000,5.0000,23,-1.1591,-0.1926,-1.3192,0.1426,1.1780,0.3511,-0.2410,0.2541,-0.0846,0.4136,-0.2839
24,5,4,4,6,6,4,4,4,5,6,4,5,5,5,6,6,6,4,3,4,3,3,5,4,4,4,4,3,Male,22,Unmarried,4.0000,5.4000,4.6667,3.2500,5.0000,4.6667,4.7500,24,-0.6982,-0.1926,-0.0608,-2.1002,-0.0364,-0.0837,-0.5655,0.0117,0.0473,0.0030,0.0206
25,6,7,7,6,4,5,6,6,6,5,4,4,6,5,6,7,6,6,5,6,7,6,5,5,5,6,5,4,Female,24,Unmarried,5.0000,6.0000,4.6667,6.0000,5.6667,5.0000,6.5000,25,0.6844,0.7284,-0.0608,1.4242,0.7732,0.3511,1.7062,-0.0443,0.5991,0.2715,1.3192
26,7,7,7,7,6,5,4,6,5,4,6,6,4,7,7,7,6,7,5,6,6,5,6,7,7,6,6,6,Female,23,Unmarried,6.3333,6.8000,5.3333,5.5000,5.0000,5.0000,7.0000,26,2.5279,1.9564,0.7781,0.7834,-0.0364,0.3511,2.3553,1.5223,0.8270,-0.0128,-0.0858
27,4,4,5,6,6,4,3,6,5,3,3,4,5,7,6,6,5,6,6,6,6,5,5,4,6,3,4,3,Female,23,Unmarried,4.1667,6.0000,4.0000,5.7500,4.6667,4.3333,4.7500,27,-0.4678,0.7284,-0.8998,1.1038,-0.4413,-0.5185,-0.5655,-0.6554,0.2932,0.2288,0.2495
28,5,6,5,5,6,6,5,6,5,4,5,5,5,6,7,6,5,6,5,5,4,7,6,5,5,4,3,5,Female,20,Married,4.6667,6.0000,5.0000,5.2500,5.0000,5.6667,5.2500,28,0.2235,0.7284,0.3586,0.4630,-0.0364,1.2208,0.0836,0.2612,0.1020,-0.0445,-0.0030
29,4,3,5,5,3,4,4,4,5,4,4,5,4,4,4,5,6,5,5,6,6,4,6,5,2,5,4,4,Female,21,Unmarried,4.3333,4.8000,4.3333,5.2500,4.3333,3.6667,4.2500,29,-0.2374,-1.1136,-0.4803,0.4630,-0.8461,-1.3882,-1.2146,0.5349,1.6861,1.1745,1.0276
30,5,6,6,5,3,5,5,3,4,4,6,4,6,5,5,6,5,6,4,5,6,3,5,4,5,5,3,3,Male,20,Unmarried,4.1667,5.4000,5.3333,4.5000,3.6667,4.3333,5.5000,30,-0.4678,-0.1926,0.7781,-0.4982,-1.6557,-0.5185,0.4081,-0.1499,-0.2116,0.8586,-0.6757
31,7,7,5,6,5,3,5,5,5,7,5,4,4,5,6,5,5,6,6,6,5,4,6,3,6,7,5,5,Female,20,Unmarried,5.3333,5.4000,4.3333,5.2500,5.6667,4.3333,6.2500,31,1.1453,-0.1926,-0.4803,0.4630,0.7732,-0.5185,1.3817,0.0925,-0.7165,-0.4009,1.0683
32,6,5,5,5,6,3,4,6,6,5,6,6,4,6,6,7,6,6,6,7,4,4,6,2,5,5,4,4,Male,22,Unmarried,4.3333,6.2000,5.3333,5.2500,5.6667,4.3333,5.2500,32,-0.2374,1.0354,0.7781,0.4630,0.7732,-0.5185,0.0836,0.8056,-0.0433,-0.4009,0.0646
33,5,4,4,5,4,3,4,7,6,5,4,3,5,5,6,5,5,5,5,4,5,5,7,7,4,7,7,6,Female,22,Unmarried,6.3333,5.2000,4.0000,4.7500,6.0000,3.6667,4.5000,33,2.5279,-0.4996,-0.8998,-0.1778,1.1780,-1.3882,-0.8900,0.4496,1.2355,-1.6353,-1.0485
34,5,7,5,7,4,2,4,4,3,3,5,5,3,5,4,5,7,6,5,4,5,4,4,5,3,4,4,4,Male,21,Unmarried,4.0000,5.4000,4.3333,4.5000,3.3333,3.3333,6.0000,34,-0.6982,-0.1926,-0.4803,-0.4982,-2.0605,-1.8231,1.0572,0.0925,-1.9273,3.7564,-2.1783
35,6,6,5,6,7,6,5,7,7,7,4,3,3,5,7,6,5,5,5,5,5,4,3,5,3,5,5,4,Male,22,Unmarried,4.1667,5.6000,3.3333,4.7500,7.0000,6.0000,5.7500,35,-0.4678,0.1144,-1.7387,-0.1778,2.3925,1.6556,0.7326,-0.1988,1.2130,3.9611,1.7528
36,4,6,5,5,6,3,6,6,7,7,4,4,4,6,5,3,3,5,5,5,5,3,2,4,2,5,3,4,Male,20,Unmarried,3.3333,4.4000,4.0000,4.5000,6.6667,5.0000,5.0000,36,-1.6200,-1.7276,-0.8998,-0.4982,1.9876,0.3511,-0.2410,1.5545,-0.0846,0.6979,-0.4790
37,7,6,5,4,4,6,5,6,5,5,7,4,3,7,6,6,7,6,4,5,4,5,4,4,3,5,4,3,Female,21,Unmarried,3.8333,6.4000,4.6667,4.5000,5.3333,5.0000,5.5000,37,-0.9287,1.3424,-0.0608,-0.4982,0.3684,0.3511,0.4081,-0.0816,0.1433,0.1294,0.1503
38,5,5,6,5,6,3,4,7,6,5,5,4,5,4,5,7,5,6,5,4,5,5,4,3,3,7,5,4,Female,21,Unmarried,4.3333,5.4000,4.6667,4.7500,6.0000,4.3333,5.2500,38,-0.2374,-0.1926,-0.0608,-0.1778,1.1780,-0.5185,0.0836,0.0117,-0.0433,-0.6109,0.0984
39,6,5,5,5,4,3,4,6,6,4,4,3,4,6,5,7,5,6,3,4,5,4,2,3,3,2,3,2,Male,20,Unmarried,2.5000,5.8000,3.6667,4.0000,5.3333,3.6667,5.2500,39,-2.7722,0.4214,-1.3192,-1.1390,0.3684,-1.3882,0.0836,-0.5559,-0.1160,-0.5114,0.0308
40,7,6,5,5,7,6,5,6,5,6,7,5,7,5,7,5,6,6,5,6,4,5,7,5,6,6,6,7,Male,19,Unmarried,6.1667,5.8000,6.3333,5.0000,5.6667,6.0000,5.7500,40,2.2975,0.4214,2.0365,0.1426,0.7732,1.6556,0.7326,0.8581,1.2130,1.2801,0.5665
41,5,3,6,4,5,3,5,6,6,7,2,3,3,6,5,5,4,4,6,5,4,5,4,2,2,5,3,5,Male,19,Unmarried,3.5000,4.8000,2.6667,5.0000,6.3333,4.3333,4.5000,41,-1.3896,-1.1136,-2.5777,0.1426,1.5828,-0.5185,-0.8900,2.8706,0.4615,-0.8208,-1.4088
42,7,6,6,6,5,6,5,6,6,5,6,6,5,7,6,7,6,7,6,7,6,7,4,6,4,6,5,7,Male,21,Unmarried,5.3333,6.6000,5.6667,6.5000,5.6667,5.3333,6.2500,42,1.1453,1.6494,1.1976,2.0650,0.7732,0.7860,1.3817,1.9753,1.0860,0.6077,1.0683
43,4,5,5,5,5,5,4,6,7,4,6,5,5,5,4,5,7,5,4,3,4,3,5,6,4,5,4,5,Female,21,Unmarried,4.8333,5.2000,5.3333,3.5000,5.6667,4.6667,4.7500,43,0.4540,-0.4996,0.7781,-1.7798,0.7732,-0.0837,-0.5655,-0.3888,0.0473,-0.0647,-0.4372
44,4,3,4,4,6,4,4,5,5,5,2,5,5,5,5,3,5,6,4,5,5,6,6,4,6,4,4,5,Female,22,Unmarried,4.8333,4.8000,4.0000,5.0000,5.0000,4.6667,3.7500,44,0.4540,-1.1136,-0.8998,0.1426,-0.0364,-0.0837,-1.8636,1.0020,0.1560,0.0030,0.0679
45,4,4,6,4,5,5,4,7,7,6,4,4,4,6,4,4,4,5,5,7,7,4,3,3,3,4,4,4,Male,23,Unmarried,3.5000,4.6000,4.0000,5.7500,6.6667,4.6667,4.5000,45,-1.3896,-1.4206,-0.8998,1.1038,1.9876,-0.0837,-0.8900,1.2782,0.0745,-0.1664,-1.7691
46,7,5,5,6,6,5,4,6,3,3,6,4,4,6,6,7,6,7,7,6,6,6,4,5,5,6,7,5,Female,19,Unmarried,5.3333,6.4000,4.6667,6.2500,4.0000,5.0000,5.7500,46,1.1453,1.3424,-0.0608,1.7446,-1.2509,0.3511,0.7326,-0.0816,0.2572,-0.4392,-0.9164
47,6,7,6,5,4,4,5,6,6,5,3,7,5,5,4,6,6,5,4,6,6,4,5,4,5,5,5,4,Female,21,Unmarried,4.6667,5.2000,5.0000,5.0000,5.6667,4.3333,6.0000,47,0.2235,-0.4996,0.3586,0.1426,0.7732,-0.5185,1.0572,-0.1792,-0.5482,-0.4009,0.8174
48,5,3,5,4,5,5,3,6,2,4,5,5,4,5,5,6,6,6,6,4,6,6,4,4,3,5,4,5,Female,22,Unmarried,4.1667,5.6000,4.6667,5.5000,4.0000,4.3333,4.2500,48,-0.4678,0.1144,-0.0608,0.7834,-1.2509,-0.5185,-1.2146,-0.0070,0.6298,0.6486,1.5193
49,5,5,5,6,5,6,5,4,4,6,5,4,5,4,6,5,7,6,4,4,4,3,6,2,4,4,4,2,Male,20,Unmarried,3.6667,5.6000,4.6667,3.7500,4.6667,5.3333,5.2500,49,-1.1591,0.1144,-0.0608,-1.4594,-0.4413,0.7860,0.0836,-0.0070,0.0657,-0.3468,-0.0369
50,6,6,6,5,6,5,5,5,6,5,5,6,4,5,5,4,5,6,4,5,6,5,5,3,6,4,5,5,Female,23,Unmarried,4.6667,5.0000,5.0000,5.0000,5.3333,5.3333,5.7500,50,0.2235,-0.8066,0.3586,0.1426,0.3684,0.7860,0.7326,-0.2893,0.5758,0.2895,0.2699
51,5,5,4,6,5,4,5,6,6,7,4,5,5,4,6,7,6,5,6,7,6,6,4,3,3,5,6,5,Male,19,Unmarried,4.3333,5.6000,4.6667,6.2500,6.3333,4.6667,5.0000,51,-0.2374,0.1144,-0.0608,1.7446,1.5828,-0.0837,-0.2410,-0.0070,0.0202,-0.1325,-0.3814
52,5,4,4,4,7,3,4,5,4,5,4,6,6,4,6,4,4,5,6,5,5,5,5,4,4,5,5,5,Female,18,Unmarried,4.6667,4.6000,5.3333,5.2500,4.6667,4.6667,4.2500,52,0.2235,-1.4206,0.7781,0.4630,-0.4413,-0.0837,-1.2146,-1.1054,0.1017,0.0369,0.5359
53,6,6,5,6,5,4,5,5,5,5,6,5,7,6,6,7,5,4,5,7,5,6,5,6,4,6,5,4,Female,22,Unmarried,5.0000,5.6000,6.0000,5.7500,5.0000,4.6667,5.7500,53,0.6844,0.1144,1.6171,1.1038,-0.0364,-0.0837,0.7326,0.1849,-0.0613,0.0030,-0.0267
54,4,5,4,4,5,5,6,4,5,5,5,4,6,5,7,6,6,7,5,5,4,4,4,4,3,3,4,4,Female,21,Unmarried,3.6667,6.2000,5.0000,4.5000,4.6667,5.3333,4.2500,54,-1.1591,1.0354,0.3586,-0.4982,-0.4413,0.7860,-1.2146,0.3713,-0.9546,-0.3468,0.5359
55,5,3,4,5,4,6,6,5,4,3,5,4,4,6,7,5,7,5,5,5,5,6,3,3,3,5,4,3,Female,24,Married,3.5000,6.0000,4.3333,5.2500,4.0000,5.3333,4.2500,55,-1.3896,0.7284,-0.4803,0.4630,-1.2509,0.7860,-1.2146,-0.3498,-0.9546,-0.9832,1.5193
56,5,5,4,5,5,5,4,4,5,5,4,5,4,5,7,6,6,6,4,4,4,4,4,3,4,5,2,4,Female,19,Unmarried,3.6667,6.0000,4.3333,4.0000,4.6667,4.6667,4.7500,56,-1.1591,0.7284,-0.4803,-1.1390,-0.4413,-0.0837,-0.5655,-0.3498,0.0473,0.0369,0.2495
57,6,6,6,6,4,5,5,4,5,4,6,3,4,4,5,6,5,4,7,7,7,6,5,4,1,5,3,3,Male,22,Unmarried,3.5000,4.8000,4.3333,6.7500,4.3333,4.6667,6.0000,57,-1.3896,-1.1136,-0.4803,2.3854,-0.8461,-0.0837,1.0572,0.5349,-0.0885,0.0708,-0.8944
58,7,5,7,6,5,5,5,4,6,4,6,6,6,7,6,6,7,7,5,4,5,4,6,3,3,5,5,4,Female,21,Unmarried,4.3333,6.6000,6.0000,4.5000,4.6667,5.0000,6.2500,58,-0.2374,1.6494,1.6171,-0.4982,-0.4413,0.3511,1.3817,2.6671,0.4852,-0.1549,-0.6097
59,6,5,6,5,7,5,6,7,5,6,5,5,3,5,6,7,5,5,5,5,5,5,5,4,5,6,5,3,Female,21,Unmarried,4.6667,5.6000,4.3333,5.0000,6.0000,6.0000,5.5000,59,0.2235,0.1144,-0.4803,0.1426,1.1780,1.6556,0.4081,-0.0549,0.6757,1.9504,0.4807
60,5,6,5,6,7,6,4,4,4,5,5,5,5,5,6,7,6,6,4,4,5,4,6,2,6,5,3,3,Female,21,Unmarried,4.1667,6.0000,5.0000,4.2500,4.3333,5.6667,5.5000,60,-0.4678,0.7284,0.3586,-0.8186,-0.8461,1.2208,0.4081,0.2612,0.4982,-1.0329,-0.3453
61,5,5,4,5,3,3,6,6,5,5,5,3,3,6,6,5,6,4,5,5,4,4,4,3,7,5,4,4,Female,22,Unmarried,4.5000,5.4000,3.6667,4.5000,5.3333,4.0000,4.7500,61,-0.0069,-0.1926,-1.3192,-0.4982,0.3684,-0.9534,-0.5655,0.2541,0.5391,-0.3512,-0.2083
62,4,5,6,5,5,5,6,4,4,4,5,6,3,7,6,6,6,7,5,5,6,4,3,4,4,5,6,3,Female,25,Unmarried,4.1667,6.4000,4.6667,5.0000,4.0000,5.3333,5.0000,62,-0.4678,1.3424,-0.0608,0.1426,-1.2509,0.7860,-0.2410,-0.0816,-0.1894,-0.9832,0.3014
63,6,7,7,5,6,5,5,5,4,6,5,6,4,7,6,7,7,7,4,6,5,4,5,3,3,6,4,4,Male,18,Unmarried,4.1667,6.8000,5.0000,4.7500,5.0000,5.3333,6.2500,63,-0.4678,1.9564,0.3586,-0.1778,-0.0364,0.7860,1.3817,0.7016,1.0860,-0.0286,-0.0503
64,4,4,5,2,6,5,3,4,3,5,3,4,5,5,4,4,2,4,3,4,5,6,3,4,3,5,4,4,Male,22,Unmarried,3.8333,3.8000,4.0000,4.5000,4.0000,4.6667,3.7500,64,-0.9287,-2.6486,-0.8998,-0.4982,-1.2509,-0.0837,-1.8636,2.3832,0.1560,0.1047,2.3312
65,7,5,5,5,5,4,3,7,7,6,6,5,4,5,5,4,5,5,6,5,6,7,4,3,3,6,4,4,Male,21,Unmarried,4.0000,4.8000,5.0000,6.0000,6.6667,4.0000,5.5000,65,-0.6982,-1.1136,0.3586,1.4242,1.9876,-0.9534,0.4081,-0.3994,-0.3891,-1.8950,0.8112
66,7,6,6,7,5,5,5,6,6,6,6,6,6,5,7,6,6,6,6,6,4,7,5,6,5,5,5,4,Female,20,Unmarried,5.0000,6.0000,6.0000,5.7500,6.0000,5.0000,6.5000,66,0.6844,0.7284,1.6171,1.1038,1.1780,0.3511,1.7062,1.1778,0.5991,0.4136,2.0099
67,4,4,5,5,7,6,4,6,6,5,3,4,3,5,6,6,6,7,6,5,5,4,5,4,4,5,4,4,Male,21,Unmarried,4.3333,6.0000,3.3333,5.0000,5.6667,5.6667,4.5000,67,-0.2374,0.7284,-1.7387,0.1426,0.7732,1.2208,-0.8900,-1.2664,-1.0865,0.9439,-0.6882
68,4,5,5,4,5,5,3,6,3,5,7,4,5,5,5,5,4,5,4,5,4,4,3,4,6,5,5,5,Male,18,Unmarried,4.6667,4.8000,5.3333,4.2500,4.6667,4.3333,4.5000,68,0.2235,-1.1136,0.7781,-0.8186,-0.4413,-0.5185,-0.8900,-0.8665,0.4615,0.2288,0.3927
69,7,7,6,4,5,4,3,7,6,6,6,5,4,5,5,5,6,6,6,5,4,5,5,5,5,5,5,6,Male,22,Unmarried,5.1667,5.4000,5.0000,5.0000,6.3333,4.0000,6.0000,69,0.9149,-0.1926,0.3586,0.1426,1.5828,-0.9534,1.0572,-0.0691,-1.0079,-1.5090,1.6733
70,5,4,4,2,5,6,6,4,4,4,4,5,6,5,5,6,4,5,4,5,4,5,4,5,4,4,5,3,Female,21,Unmarried,4.1667,5.0000,5.0000,4.5000,4.0000,5.6667,3.7500,70,-0.4678,-0.8066,0.3586,-0.4982,-1.2509,1.2208,-1.8636,-0.2893,-2.2751,-1.5271,2.3312
71,5,6,4,5,6,4,5,6,4,4,5,4,5,4,4,5,5,5,3,5,6,6,5,2,4,4,4,4,Female,21,Unmarried,3.8333,4.6000,4.6667,5.0000,4.6667,5.0000,5.0000,71,-0.9287,-1.4206,-0.0608,0.1426,-0.4413,0.3511,-0.2410,0.0864,-0.0846,-0.1549,0.1063
72,4,6,5,4,4,5,5,4,6,5,6,5,5,5,5,5,6,6,5,6,5,6,3,4,5,5,4,5,Male,21,Unmarried,4.3333,5.4000,5.3333,5.5000,5.0000,4.6667,4.7500,72,-0.2374,-0.1926,0.7781,0.7834,-0.0364,-0.0837,-0.5655,-0.1499,0.0473,0.0030,0.0206
73,4,5,5,6,5,5,4,6,7,5,3,4,4,5,5,5,6,5,4,5,5,3,5,4,4,4,4,4,Male,20,Unmarried,4.1667,5.2000,3.6667,4.2500,6.0000,4.6667,5.0000,73,-0.4678,-0.4996,-1.3192,-0.8186,1.1780,-0.0837,-0.2410,0.6591,0.0202,-0.0986,-0.2839
74,6,5,5,5,3,4,4,5,3,4,5,4,6,4,4,7,5,5,3,4,5,4,5,2,4,6,5,5,Female,20,Unmarried,4.5000,5.0000,5.0000,4.0000,4.0000,3.6667,5.2500,74,-0.0069,-0.8066,0.3586,-1.1390,-1.2509,-1.3882,0.0836,-0.2893,-0.1160,1.7365,-0.1045
75,4,5,3,4,3,6,5,4,2,6,5,4,7,4,7,5,7,7,5,4,2,3,4,4,3,4,4,2,Female,20,Unmarried,3.5000,6.0000,5.3333,3.5000,4.0000,4.6667,4.0000,75,-1.3896,0.7284,0.7781,-1.7798,-1.2509,-0.0837,-1.5391,0.5667,0.1288,0.1047,1.9252
76,4,5,3,5,4,5,3,4,5,4,5,5,4,5,5,4,5,5,5,3,3,4,4,3,3,4,3,2,Female,18,Unmarried,3.1667,4.8000,4.6667,3.7500,4.3333,4.0000,4.2500,76,-1.8504,-1.1136,-0.0608,-1.4594,-0.8461,-0.9534,-1.2146,0.0677,1.1579,0.8066,1.0276
77,6,5,6,5,6,5,4,5,6,7,5,3,3,6,6,6,6,6,5,5,5,4,3,4,5,5,3,4,Male,22,Unmarried,4.0000,6.0000,3.6667,4.7500,6.0000,5.0000,5.5000,77,-0.6982,0.7284,-1.3192,-0.1778,1.1780,0.3511,0.4081,-0.9609,0.1433,0.4136,0.4807
78,4,4,5,5,5,4,4,3,4,4,3,2,4,5,5,5,4,5,3,3,3,5,5,4,5,5,3,5,Male,19,Unmarried,4.5000,4.8000,3.0000,3.5000,3.6667,4.3333,4.5000,78,-0.0069,-1.1136,-2.1582,-1.7798,-1.6557,-0.5185,-0.8900,2.4034,0.4615,0.8586,1.4736
79,5,5,5,6,7,3,5,5,7,4,4,4,6,4,5,6,5,5,5,5,5,5,4,2,5,5,3,1,Male,20,Unmarried,3.3333,5.0000,4.6667,5.0000,5.3333,5.0000,5.2500,79,-1.6200,-0.8066,-0.0608,0.1426,0.3684,0.3511,0.0836,0.0491,0.0293,0.1294,0.0308
80,4,4,6,4,5,6,4,5,4,4,5,4,5,4,5,6,5,5,5,5,5,5,4,3,3,5,4,3,Female,23,Married,3.6667,5.0000,4.6667,5.0000,4.3333,5.0000,4.5000,80,-1.1591,-0.8066,-0.0608,0.1426,-0.8461,0.3511,-0.8900,0.0491,-0.3125,-0.2971,0.7530
81,6,6,7,4,6,5,6,4,5,7,4,5,4,6,7,7,6,6,6,6,6,5,5,5,6,6,5,6,Female,23,Unmarried,5.5000,6.4000,4.3333,5.7500,5.3333,5.6667,5.7500,81,1.3757,1.3424,-0.4803,1.1038,0.3684,1.2208,0.7326,-0.6447,0.8944,0.4497,0.2699
82,7,6,6,6,6,5,4,5,6,6,6,6,5,6,4,5,5,6,5,4,5,4,5,3,3,7,5,3,Female,19,Unmarried,4.3333,5.2000,5.6667,4.5000,5.6667,5.0000,6.2500,82,-0.2374,-0.4996,1.1976,-0.4982,0.7732,0.3511,1.3817,-0.5984,0.4852,0.2715,1.0683
83,6,5,6,6,6,6,7,6,7,5,5,5,6,5,6,5,6,6,5,4,7,5,6,7,4,6,6,4,Female,26,Unmarried,5.5000,5.6000,5.3333,5.2500,6.0000,6.3333,5.7500,83,1.3757,0.1144,0.7781,0.4630,1.1780,2.0905,0.7326,0.0890,1.5315,2.4626,0.8630
84,5,6,5,4,7,5,4,3,4,6,6,4,4,4,6,5,5,6,4,4,4,6,2,3,3,4,2,3,Male,20,Unmarried,2.8333,5.2000,4.6667,4.5000,4.3333,5.3333,5.0000,84,-2.3113,-0.4996,-0.0608,-0.4982,-0.8461,0.7860,-0.2410,0.0304,-0.1894,-0.6650,0.2039
85,5,6,5,6,7,5,5,6,5,4,5,6,5,6,5,5,6,7,7,5,6,5,6,5,4,5,4,4,Female,25,Unmarried,4.6667,5.8000,5.3333,5.7500,5.0000,5.6667,5.5000,85,0.2235,0.4214,0.7781,1.1038,-0.0364,1.2208,0.4081,0.3279,0.4982,-0.0445,-0.0149
86,6,6,6,5,4,5,4,6,4,4,5,6,5,4,6,5,7,6,5,4,4,2,5,5,6,5,5,6,Female,24,Unmarried,5.3333,5.6000,5.3333,3.7500,4.6667,4.3333,5.7500,86,1.1453,0.1144,0.7781,-1.4594,-0.4413,-0.5185,0.7326,0.0890,-0.3799,0.2288,-0.3233
87,4,5,5,4,4,4,3,3,3,3,5,5,7,5,4,6,5,7,5,5,4,3,4,3,2,4,3,5,Female,22,Married,3.5000,5.4000,5.6667,4.2500,3.0000,3.6667,4.5000,87,-1.3896,-0.1926,1.1976,-0.8186,-2.4653,-1.3882,-0.8900,-0.2307,1.2355,3.4224,2.1942
88,7,5,7,7,4,7,5,5,4,4,7,4,7,7,6,7,7,6,6,7,6,6,5,3,6,5,4,6,Female,23,Unmarried,4.8333,6.6000,6.0000,6.2500,4.3333,5.3333,6.5000,88,0.4540,1.6494,1.6171,1.7446,-0.8461,0.7860,1.7062,2.6671,1.3410,-0.6650,-1.4436
89,7,6,6,7,4,4,4,5,6,7,5,5,5,6,7,6,7,5,6,5,5,6,5,3,5,5,5,3,Female,18,Unmarried,4.3333,6.2000,5.0000,5.5000,6.0000,4.0000,6.5000,89,-0.2374,1.0354,0.3586,0.7834,1.1780,-0.9534,1.7062,0.3713,-1.6267,-1.1231,2.0099
90,5,5,5,6,5,4,5,6,6,5,5,6,3,5,7,6,6,6,3,5,5,3,5,3,4,6,5,4,Female,21,Unmarried,4.5000,6.0000,4.6667,4.0000,5.6667,4.6667,5.2500,90,-0.0069,0.7284,-0.0608,-1.1390,0.7732,-0.0837,0.0836,-0.0443,-0.0070,-0.0647,0.0646
91,6,7,6,6,5,4,6,6,6,5,6,4,3,5,7,6,6,7,6,4,5,5,4,3,3,6,5,4,Male,20,Unmarried,4.1667,6.2000,4.3333,5.0000,5.6667,5.0000,6.2500,91,-0.4678,1.0354,-0.4803,0.1426,0.7732,0.3511,1.3817,-0.4973,0.4852,0.2715,1.0683
92,4,4,4,4,4,6,5,5,4,6,4,4,3,5,4,4,5,4,5,7,6,5,5,3,5,4,5,4,Female,23,Unmarried,4.3333,4.4000,3.6667,5.7500,5.0000,5.0000,4.0000,92,-0.2374,-1.7276,-1.3192,1.1038,-0.0364,0.3511,-1.5391,2.2792,-0.5404,-0.0128,0.0561
93,6,6,6,5,3,3,4,4,5,5,5,6,5,7,6,6,7,6,6,5,6,5,6,4,6,5,4,5,Male,22,Unmarried,5.0000,6.4000,5.3333,5.5000,4.6667,3.3333,5.7500,93,0.6844,1.3424,0.7781,0.7834,-0.4413,-1.8231,0.7326,1.0445,-1.3356,0.8044,-0.3233
94,4,3,5,4,4,5,4,7,7,6,4,5,4,3,3,5,4,5,5,6,3,6,5,6,6,7,7,5,Male,19,Unmarried,6.0000,4.0000,4.3333,5.0000,6.6667,4.3333,4.0000,94,2.0671,-2.3416,-0.4803,0.1426,1.9876,-0.5185,-1.5391,1.1247,0.7981,-1.0307,-3.0592
95,6,6,5,6,3,3,4,4,4,5,6,5,6,5,4,5,6,5,4,4,6,4,5,4,3,7,3,3,Female,22,Unmarried,4.1667,5.0000,5.6667,4.5000,4.3333,3.3333,5.7500,95,-0.4678,-0.8066,1.1976,-0.4982,-0.8461,-1.8231,0.7326,-0.9660,-1.3356,1.5424,-0.6198
96,6,6,7,5,6,6,6,7,7,6,3,5,5,6,7,7,7,7,5,7,7,6,6,5,5,7,5,4,Male,23,Unmarried,5.3333,6.8000,4.3333,6.2500,6.6667,6.0000,6.0000,96,1.1453,1.9564,-0.4803,1.7446,1.9876,1.6556,1.0572,-0.9396,1.7503,3.2908,2.1013
97,4,5,5,4,3,3,3,4,5,4,4,4,4,5,5,5,6,6,6,5,3,4,3,3,5,5,5,4,Male,21,Unmarried,4.1667,5.4000,4.0000,4.5000,4.3333,3.0000,4.5000,97,-0.4678,-0.1926,-0.8998,-0.4982,-0.8461,-2.2579,-0.8900,0.1733,2.0096,1.9103,0.7530
98,4,4,5,6,7,5,5,4,2,5,4,5,4,4,5,5,5,6,2,4,3,4,2,3,2,5,4,2,Female,22,Unmarried,3.0000,5.0000,4.3333,3.2500,3.6667,5.6667,4.7500,98,-2.0809,-0.8066,-0.4803,-2.1002,-1.6557,1.2208,-0.5655,0.3874,-0.6904,-2.0213,0.9363
99,6,6,4,5,5,6,3,6,6,5,7,5,5,6,5,7,7,7,3,4,4,5,4,3,4,4,4,4,Male,19,Unmarried,3.8333,6.4000,5.6667,4.0000,5.6667,4.6667,5.2500,99,-0.9287,1.3424,1.1976,-1.1390,0.7732,-0.0837,0.0836,1.6076,-0.0070,-0.0647,0.0646
100,6,5,4,4,4,4,5,4,4,6,3,4,4,3,5,4,4,5,6,5,5,5,5,4,7,6,5,6,Male,20,Unmarried,5.5000,4.2000,3.6667,5.2500,4.6667,4.3333,4.7500,100,1.3757,-2.0346,-1.3192,0.4630,-0.4413,-0.5185,-0.5655,2.6842,0.2932,0.2288,0.2495
101,6,4,5,5,4,6,6,6,6,5,5,5,4,4,5,6,5,5,7,6,4,5,6,5,4,6,7,7,Female,19,Unmarried,5.8333,5.0000,4.6667,5.5000,5.6667,5.3333,5.0000,101,1.8366,-0.8066,-0.0608,0.7834,0.7732,0.7860,-0.2410,0.0491,-0.1894,0.6077,-0.1863
102,5,3,3,5,6,3,4,6,4,5,6,6,6,6,6,5,5,6,6,6,5,6,7,5,6,6,6,6,Female,22,Unmarried,6.0000,5.6000,6.0000,5.7500,5.0000,4.3333,4.0000,102,2.0671,0.1144,1.6171,1.1038,-0.0364,-0.5185,-1.5391,0.1849,0.7981,0.0189,0.0561
103,5,5,5,5,4,5,3,5,7,3,4,4,5,6,6,6,5,7,4,5,4,3,4,4,3,4,4,4,Male,21,Unmarried,3.8333,6.0000,4.3333,4.0000,5.0000,4.0000,5.0000,103,-0.9287,0.7284,-0.4803,-1.1390,-0.0364,-0.9534,-0.2410,-0.3498,0.2297,0.0347,0.0088
104,5,4,4,5,5,5,5,6,4,4,5,5,6,4,4,6,5,6,5,4,5,4,5,4,5,5,5,5,Male,20,Unmarried,4.8333,5.0000,5.3333,4.5000,4.6667,5.0000,4.5000,104,0.4540,-0.8066,0.7781,-0.4982,-0.4413,0.3511,-0.8900,-0.6277,-0.3125,-0.1549,0.3927
105,4,3,4,4,6,5,7,6,4,5,4,6,5,6,5,6,4,6,4,4,4,2,6,2,4,4,5,2,Female,19,Unmarried,3.8333,5.4000,5.0000,3.5000,5.0000,6.0000,3.7500,105,-0.9287,-0.1926,0.3586,-1.7798,-0.0364,1.6556,-1.8636,-0.0691,-3.0855,-0.0603,0.0679
106,6,5,5,5,3,4,3,5,5,5,4,6,4,6,6,5,6,6,5,6,6,6,5,3,5,4,4,6,Male,22,Unmarried,4.5000,5.8000,4.6667,5.7500,5.0000,3.3333,5.2500,106,-0.0069,0.4214,-0.0608,1.1038,-0.0364,-1.8231,0.0836,-0.0256,-0.1523,0.0664,-0.0030
107,6,5,7,6,6,6,4,7,6,6,6,4,5,6,6,6,7,7,6,5,5,6,7,6,6,6,6,6,Male,18,Unmarried,6.1667,6.4000,5.0000,5.5000,6.3333,5.3333,6.0000,107,2.2975,1.3424,0.3586,0.7834,1.5828,0.7860,1.0572,0.4814,0.8309,1.2441,1.6733
108,4,7,3,5,5,4,5,7,7,6,5,5,6,4,5,5,4,4,6,5,5,6,4,5,3,6,5,3,Male,19,Unmarried,4.3333,4.4000,5.3333,5.5000,6.6667,4.6667,4.7500,108,-0.2374,-1.7276,0.7781,0.7834,1.9876,-0.0837,-0.5655,-1.3443,0.0473,-0.1664,-1.1240
109,6,6,5,4,5,5,6,6,4,4,4,4,3,5,4,5,5,5,4,3,4,3,4,3,4,5,5,4,Female,22,Unmarried,4.1667,4.8000,3.6667,3.5000,4.6667,5.3333,5.2500,109,-0.4678,-1.1136,-1.3192,-1.7798,-0.4413,0.7860,0.0836,1.4692,0.0657,-0.3468,-0.0369
110,5,4,6,5,5,5,3,6,4,6,3,4,3,6,6,6,5,6,4,4,5,4,6,3,3,5,5,3,Female,22,Unmarried,4.1667,5.8000,3.3333,4.2500,5.3333,4.3333,5.0000,110,-0.4678,0.4214,-1.7387,-0.8186,0.3684,-0.5185,-0.2410,-0.7326,0.1249,-0.1910,-0.0888
111,6,7,5,6,5,6,4,5,4,5,4,5,3,4,4,4,4,4,6,5,5,4,5,3,4,6,6,4,Female,20,Unmarried,4.6667,4.0000,4.0000,5.0000,4.6667,5.0000,6.0000,111,0.2235,-2.3416,-0.8998,0.1426,-0.4413,0.3511,1.0572,2.1069,0.3712,-0.1549,-0.4665
112,6,7,7,6,5,6,5,5,5,3,4,5,4,4,6,5,7,6,4,6,5,4,4,3,5,5,4,4,Female,20,Unmarried,4.1667,5.6000,4.3333,4.7500,4.3333,5.3333,6.5000,112,-0.4678,0.1144,-0.4803,-0.1778,-0.8461,0.7860,1.7062,-0.0549,1.3410,-0.6650,-1.4436
113,7,6,6,7,7,5,7,6,6,7,7,6,4,7,7,6,7,7,7,7,7,6,6,6,5,7,6,7,Female,22,Unmarried,6.1667,6.8000,5.6667,6.7500,6.3333,6.3333,6.5000,113,2.2975,1.9564,1.1976,2.3854,1.5828,2.0905,1.7062,2.3429,3.5668,3.3089,2.7007
114,5,5,5,4,5,4,3,6,6,6,4,6,4,6,6,6,7,7,6,5,7,5,5,5,5,5,5,6,Female,21,Unmarried,5.1667,6.4000,4.6667,5.7500,6.0000,4.0000,4.7500,114,0.9149,1.3424,-0.0608,1.1038,1.1780,-0.9534,-0.5655,-0.0816,0.5391,-1.1231,-0.6662
115,6,6,7,7,6,6,6,7,5,5,4,5,3,6,6,6,6,6,6,6,5,4,4,4,5,6,6,4,Female,22,Unmarried,4.8333,6.0000,4.0000,5.2500,5.6667,6.0000,6.5000,115,0.4540,0.7284,-0.8998,0.4630,0.7732,1.6556,1.7062,-0.6554,2.8249,1.2801,1.3192
116,6,6,7,6,6,5,3,5,5,3,4,4,6,6,6,6,5,6,5,6,7,6,5,3,5,6,4,5,Male,21,Unmarried,4.6667,5.8000,4.6667,6.0000,4.3333,4.6667,6.2500,116,0.2235,0.4214,-0.0608,1.4242,-0.8461,-0.0837,1.3817,-0.0256,-0.1157,0.0708,-1.1690
117,4,5,6,3,4,4,5,6,7,5,4,5,6,7,6,5,7,7,5,5,3,5,4,3,4,5,4,3,Female,22,Unmarried,3.8333,6.4000,5.0000,4.5000,6.0000,4.3333,4.5000,117,-0.9287,1.3424,0.3586,-0.4982,1.1780,-0.5185,-0.8900,0.4814,0.4615,-0.6109,-1.0485
118,7,5,5,5,5,5,5,4,3,5,5,6,6,5,6,5,6,6,7,5,5,5,5,5,3,5,4,4,Male,22,Unmarried,4.3333,5.6000,5.6667,5.5000,4.0000,5.0000,5.5000,118,-0.2374,0.1144,1.1976,0.7834,-1.2509,0.3511,0.4081,0.1370,0.1433,-0.4392,-0.5105
119,5,6,6,6,6,5,6,7,7,7,6,5,4,6,6,7,7,7,6,7,6,4,4,4,5,6,5,4,Female,21,Unmarried,4.6667,6.6000,5.0000,5.7500,7.0000,5.6667,5.7500,119,0.2235,1.6494,0.3586,1.1038,2.3925,1.2208,0.7326,0.5915,0.8944,2.9207,1.7528
120,5,5,5,6,6,7,5,4,5,2,6,6,5,5,5,6,5,5,3,6,4,4,3,4,4,5,4,4,Male,20,Unmarried,4.0000,5.2000,5.6667,4.2500,3.6667,6.0000,5.2500,120,-0.6982,-0.4996,1.1976,-0.8186,-1.6557,1.6556,0.0836,-0.5984,0.1384,-2.7412,-0.1384
121,5,6,5,6,5,5,5,6,4,2,6,4,5,6,5,5,4,6,6,5,6,5,6,3,5,4,4,5,Male,23,Unmarried,4.5000,5.2000,5.0000,5.5000,4.0000,5.0000,5.5000,121,-0.0069,-0.4996,0.3586,0.7834,-1.2509,0.3511,0.4081,-0.1792,0.1433,-0.4392,-0.5105
122,6,7,7,6,4,4,4,6,6,6,4,5,4,6,6,6,6,7,7,5,6,6,4,3,5,5,4,5,Female,23,Unmarried,4.3333,6.2000,4.3333,6.0000,6.0000,4.0000,6.5000,122,-0.2374,1.0354,-0.4803,1.4242,1.1780,-0.9534,1.7062,-0.4973,-1.6267,-1.1231,2.0099
123,7,5,7,6,6,5,4,5,4,5,3,4,5,5,5,5,5,4,5,4,6,4,5,1,4,5,4,4,Male,21,Unmarried,3.8333,4.8000,4.0000,4.7500,4.6667,5.0000,6.2500,123,-0.9287,-1.1136,-0.8998,-0.1778,-0.4413,0.3511,1.3817,1.0020,0.4852,-0.1549,-0.6097
124,7,7,6,6,4,4,3,6,5,3,7,5,6,5,7,6,6,6,7,6,7,7,6,5,5,7,6,5,Female,24,Unmarried,5.6667,6.0000,6.0000,6.7500,4.6667,3.6667,6.5000,124,1.6062,0.7284,1.6171,2.3854,-0.4413,-1.3882,1.7062,1.1778,-2.3686,0.6126,-0.7529
125,6,5,6,5,5,6,4,7,7,7,5,4,4,5,5,5,5,6,5,5,7,6,6,4,5,6,5,5,Male,18,Unmarried,5.1667,5.2000,4.3333,5.7500,7.0000,5.0000,5.5000,125,0.9149,-0.4996,-0.4803,1.1038,2.3925,0.3511,0.4081,0.2400,0.1433,0.8401,0.9764
126,6,5,7,6,7,4,6,4,5,4,4,3,4,5,4,6,7,7,6,6,6,6,6,6,4,5,7,4,Male,20,Unmarried,5.3333,5.8000,3.6667,6.0000,4.3333,5.6667,6.0000,126,1.1453,0.4214,-1.3192,1.4242,-0.8461,1.2208,1.0572,-0.5559,1.2906,-1.0329,-0.8944
127,7,6,5,7,6,4,3,5,4,5,5,5,4,7,6,7,7,7,4,3,4,6,6,4,5,5,5,6,Female,21,Unmarried,5.1667,6.8000,4.6667,4.2500,4.6667,4.3333,6.2500,127,0.9149,1.9564,-0.0608,-0.8186,-0.4413,-0.5185,1.3817,-0.1190,-0.7165,0.2288,-0.6097
128,5,6,6,5,6,6,4,5,4,6,4,5,5,6,6,6,5,6,6,7,7,7,5,6,4,6,4,4,Male,20,Unmarried,4.8333,5.8000,4.6667,6.7500,5.0000,5.3333,5.5000,128,0.4540,0.4214,-0.0608,2.3854,-0.0364,0.7860,0.4081,-0.0256,0.3208,-0.0286,-0.0149
129,6,6,6,7,6,7,5,6,4,6,4,5,3,6,5,6,5,5,4,5,4,5,4,6,4,5,6,4,Male,23,Unmarried,4.8333,5.4000,4.0000,4.5000,5.3333,6.0000,6.2500,129,0.4540,-0.1926,-0.8998,-0.4982,0.3684,1.6556,1.3817,0.1733,2.2876,0.6099,0.5090
130,5,6,5,5,4,4,5,5,5,5,4,4,5,4,5,4,6,5,5,7,5,6,5,3,4,5,5,5,Male,20,Unmarried,4.5000,4.8000,4.3333,5.7500,5.0000,4.3333,5.2500,130,-0.0069,-1.1136,-0.4803,1.1038,-0.0364,-0.5185,0.0836,0.5349,-0.0433,0.0189,-0.0030
131,4,4,5,5,5,5,5,7,5,5,5,5,4,7,7,7,7,7,6,6,5,5,4,4,3,5,4,3,Male,20,Unmarried,3.8333,7.0000,4.6667,5.5000,5.6667,5.0000,4.5000,131,-0.9287,2.2633,-0.0608,0.7834,0.7732,0.3511,-0.8900,-0.1377,-0.3125,0.2715,-0.6882
132,7,5,7,6,5,4,4,5,5,5,6,6,7,6,5,6,5,7,4,6,6,5,6,4,5,6,4,4,Male,22,Unmarried,4.8333,5.8000,6.3333,5.2500,5.0000,4.3333,6.2500,132,0.4540,0.4214,2.0365,0.4630,-0.0364,-0.5185,1.3817,0.8581,-0.7165,0.0189,-0.0503
133,5,3,5,4,4,4,3,3,3,5,3,5,4,3,5,5,5,5,4,4,4,4,2,3,4,6,4,2,Male,25,Unmarried,3.5000,4.6000,4.0000,4.0000,3.6667,3.6667,4.2500,133,-1.3896,-1.4206,-0.8998,-1.1390,-1.6557,-1.3882,-1.2146,1.2782,1.6861,2.2985,2.0109
134,3,5,4,3,5,3,4,4,5,4,4,5,3,5,5,6,6,5,4,4,6,4,4,4,6,5,6,6,Male,22,Unmarried,5.1667,5.4000,4.0000,4.5000,4.3333,4.0000,3.7500,134,0.9149,-0.1926,-0.8998,-0.4982,-0.8461,-0.9534,-1.8636,0.1733,1.7767,0.8066,1.5767
135,4,5,4,4,3,3,2,5,4,5,4,5,5,5,6,5,6,6,4,5,5,4,7,5,5,5,4,7,Male,20,Unmarried,5.5000,5.6000,4.6667,4.5000,4.6667,2.6667,4.2500,135,1.3757,0.1144,-0.0608,-0.4982,-0.4413,-2.6927,-1.2146,-0.0070,3.2705,1.1882,0.5359
136,5,6,7,5,5,6,4,6,7,7,4,6,4,7,6,7,6,6,6,5,5,4,7,4,4,5,5,5,Male,23,Unmarried,5.0000,6.4000,4.6667,5.0000,6.6667,5.0000,5.7500,136,0.6844,1.3424,-0.0608,0.1426,1.9876,0.3511,0.7326,-0.0816,0.2572,0.6979,1.4562
137,6,4,4,6,6,6,7,5,6,6,7,6,6,6,5,5,6,7,5,5,4,5,6,2,3,5,4,5,Female,24,Unmarried,4.1667,5.8000,6.3333,4.7500,5.6667,6.3333,5.0000,137,-0.4678,0.4214,2.0365,-0.1778,0.7732,2.0905,-0.2410,0.8581,-0.5037,1.6164,-0.1863
138,4,4,3,3,4,3,4,5,3,4,3,5,3,5,5,4,3,5,3,4,2,1,4,3,2,5,3,4,Male,22,Unmarried,3.5000,4.4000,3.6667,2.5000,4.0000,3.6667,3.5000,138,-1.3896,-1.7276,-1.3192,-3.0614,-1.2509,-1.3882,-2.1881,2.2792,3.0376,1.7365,2.7371
139,5,5,4,3,5,7,6,6,7,5,4,5,5,5,6,6,5,5,5,6,5,5,5,4,4,5,4,4,Male,22,Unmarried,4.3333,5.4000,4.6667,5.2500,6.0000,6.0000,4.2500,139,-0.2374,-0.1926,-0.0608,0.4630,1.1780,1.6556,-1.2146,0.0117,-2.0109,1.9504,-1.4308
140,5,4,6,5,4,4,4,4,4,5,4,5,4,6,6,6,5,6,3,4,4,5,3,3,4,5,4,4,Female,19,Unmarried,3.8333,5.8000,4.3333,4.0000,4.3333,4.0000,5.0000,140,-0.9287,0.4214,-0.4803,-1.1390,-0.8461,-0.9534,-0.2410,-0.2024,0.2297,0.8066,0.2039
141,4,5,4,5,5,5,6,7,6,6,6,6,5,4,5,6,5,5,5,4,6,5,6,4,5,5,7,6,Female,20,Unmarried,5.5000,5.0000,5.6667,5.0000,6.3333,5.3333,4.5000,141,1.3757,-0.8066,1.1976,0.1426,1.5828,0.7860,-0.8900,-0.9660,-0.6995,1.2441,-1.4088
142,5,6,5,6,6,6,5,5,5,3,7,6,4,6,5,5,6,4,3,5,4,5,4,5,4,5,5,4,Female,23,Married,4.5000,5.2000,5.6667,4.2500,4.3333,5.6667,5.5000,142,-0.0069,-0.4996,1.1976,-0.8186,-0.8461,1.2208,0.4081,-0.5984,0.4982,-1.0329,-0.3453
143,7,6,4,5,5,5,3,4,4,5,6,4,7,5,5,6,4,6,5,5,4,5,5,4,3,6,5,5,Male,20,Unmarried,4.6667,5.2000,5.6667,4.7500,4.3333,4.3333,5.5000,143,0.2235,-0.4996,1.1976,-0.1778,-0.8461,-0.5185,0.4081,-0.5984,-0.2116,0.4387,-0.3453
144,6,5,6,5,4,4,4,4,4,3,4,4,5,5,7,5,5,6,6,4,4,3,3,2,3,3,2,3,Female,22,Unmarried,2.6667,5.6000,4.3333,4.2500,3.6667,4.0000,5.5000,144,-2.5418,0.1144,-0.4803,-0.8186,-1.6557,-0.9534,0.4081,-0.0549,-0.3891,1.5785,-0.6757
145,6,6,7,7,5,5,4,5,5,6,4,5,7,6,5,6,6,6,6,6,6,4,6,4,5,5,5,5,Female,18,Unmarried,5.0000,5.8000,5.3333,5.5000,5.3333,4.6667,6.5000,145,0.6844,0.4214,0.7781,0.7834,0.3684,-0.0837,1.7062,0.3279,-0.1428,-0.0308,0.6285
146,5,5,4,6,7,6,5,5,5,4,6,6,6,6,6,7,5,6,5,6,5,5,4,7,5,6,6,5,Female,23,Unmarried,5.5000,6.0000,6.0000,5.2500,4.6667,6.0000,5.0000,146,1.3757,0.7284,1.6171,0.4630,-0.4413,1.6556,-0.2410,1.1778,-0.3989,-0.7306,0.1063
147,4,3,3,5,5,5,4,5,4,5,5,5,3,4,6,5,5,6,3,3,3,4,5,4,4,4,4,4,Male,23,Unmarried,4.1667,5.2000,4.3333,3.2500,4.6667,4.6667,3.7500,147,-0.4678,-0.4996,-0.4803,-2.1002,-0.4413,-0.0837,-1.8636,0.2400,0.1560,0.0369,0.8223
148,5,6,6,5,5,4,4,5,5,5,6,3,3,5,4,6,6,5,6,4,4,3,5,5,6,4,5,3,Male,21,Unmarried,4.6667,5.2000,4.0000,4.2500,5.0000,4.3333,5.5000,148,0.2235,-0.4996,-0.8998,-0.8186,-0.0364,-0.5185,0.4081,0.4496,-0.2116,0.0189,-0.0149
149,5,6,5,6,7,7,6,4,5,6,6,4,6,7,6,6,6,7,6,6,7,7,5,3,6,5,4,5,Female,22,Unmarried,4.6667,6.4000,5.3333,6.5000,5.0000,6.6667,5.5000,149,0.2235,1.3424,0.7781,2.0650,-0.0364,2.5253,0.4081,1.0445,1.0306,-0.0920,-0.0149
150,4,5,5,6,5,4,1,4,4,5,4,4,3,6,5,5,5,5,4,5,4,4,5,3,2,5,5,4,Male,23,Unmarried,4.0000,5.2000,3.6667,4.2500,4.3333,3.3333,5.0000,150,-0.6982,-0.4996,-1.3192,-0.8186,-0.8461,-1.8231,-0.2410,0.6591,0.4393,1.5424,0.2039
151,7,4,6,7,3,5,3,5,5,3,5,4,5,6,6,7,5,6,5,7,5,4,5,3,4,5,3,6,Male,24,Unmarried,4.3333,6.0000,4.6667,5.2500,4.3333,3.6667,6.0000,151,-0.2374,0.7284,-0.0608,0.4630,-0.8461,-1.3882,1.0572,-0.0443,-1.4676,1.1745,-0.8944
152,5,5,6,4,6,4,3,3,4,3,5,3,4,6,5,6,6,5,5,3,5,4,5,3,3,5,5,3,Male,22,Unmarried,4.0000,5.6000,4.0000,4.2500,3.3333,4.3333,5.0000,152,-0.6982,0.1144,-0.8998,-0.8186,-2.0605,-0.5185,-0.2410,-0.1029,0.1249,1.0685,0.4965
153,7,7,7,6,6,5,5,3,4,4,6,6,6,7,7,6,7,7,7,7,6,6,5,4,5,5,6,4,Male,20,Unmarried,4.8333,6.8000,6.0000,6.5000,3.6667,5.3333,6.7500,153,0.4540,1.9564,1.6171,2.0650,-1.6557,0.7860,2.0307,3.1636,1.5961,-1.3013,-3.3623
154,5,3,4,3,5,5,4,3,3,3,6,5,5,4,5,4,4,5,6,5,4,5,6,5,3,6,4,6,Male,21,Unmarried,5.0000,4.4000,5.3333,5.0000,3.0000,4.6667,3.7500,154,0.6844,-1.7276,0.7781,0.1426,-2.4653,-0.0837,-1.8636,-1.3443,0.1560,0.2064,4.5944
155,6,5,6,5,5,5,5,5,4,5,3,3,4,4,6,7,5,6,6,6,4,4,6,4,4,6,3,5,Female,24,Unmarried,4.6667,5.6000,3.3333,5.0000,4.6667,5.0000,5.5000,155,0.2235,0.1144,-1.7387,0.1426,-0.4413,0.3511,0.4081,-0.1988,0.1433,-0.1549,-0.1801
156,3,3,4,5,5,7,5,5,4,4,4,5,4,5,4,6,5,5,6,7,4,4,5,7,5,5,6,4,Male,19,Unmarried,5.3333,5.0000,4.3333,5.2500,4.3333,5.6667,3.7500,156,1.1453,-0.8066,-0.4803,0.4630,-0.8461,1.2208,-1.8636,0.3874,-2.2751,-1.0329,1.5767
157,7,6,4,7,6,4,4,6,6,6,4,4,4,5,6,3,6,6,6,6,5,3,5,4,5,6,3,5,Female,22,Unmarried,4.6667,5.2000,4.0000,5.0000,6.0000,4.6667,6.0000,157,0.2235,-0.4996,-0.8998,0.1426,1.1780,-0.0837,1.0572,0.4496,-0.0885,-0.0986,1.2453
158,4,4,6,5,4,5,4,4,3,4,4,5,3,6,6,6,6,5,4,5,5,3,5,4,5,6,6,5,Male,19,Unmarried,5.1667,5.8000,4.0000,4.2500,3.6667,4.3333,4.7500,158,0.9149,0.4214,-0.8998,-0.8186,-1.6557,-0.5185,-0.5655,-0.3791,0.2932,0.8586,0.9363
159,6,5,7,6,5,4,7,7,3,5,6,5,4,6,5,6,6,6,7,6,5,5,7,5,4,5,4,4,Male,18,Unmarried,4.8333,5.8000,5.0000,5.7500,5.0000,5.3333,6.0000,159,0.4540,0.4214,0.3586,1.1038,-0.0364,0.7860,1.0572,0.1511,0.8309,-0.0286,-0.0385
160,6,6,6,6,5,6,4,6,4,4,5,4,5,5,5,6,6,5,4,4,4,4,6,3,4,5,5,4,Male,19,Unmarried,4.5000,5.4000,4.6667,4.0000,4.6667,5.0000,6.0000,160,-0.0069,-0.1926,-0.0608,-1.1390,-0.4413,0.3511,1.0572,0.0117,0.3712,-0.1549,-0.4665
161,5,5,5,6,3,5,3,7,6,5,5,4,4,6,5,7,5,7,5,5,5,5,5,4,5,6,4,4,Female,18,Unmarried,4.6667,6.0000,4.3333,5.0000,6.0000,3.6667,5.2500,161,0.2235,0.7284,-0.4803,0.1426,1.1780,-1.3882,0.0836,-0.3498,-0.1160,-1.6353,0.0984
162,6,5,6,6,5,6,6,4,5,4,4,5,4,5,5,5,6,7,6,5,6,5,5,5,5,6,4,6,Female,26,Unmarried,5.1667,5.6000,4.3333,5.5000,4.3333,5.6667,5.7500,162,0.9149,0.1144,-0.4803,0.7834,-0.8461,1.2208,0.7326,-0.0549,0.8944,-1.0329,-0.6198
163,4,4,5,5,6,7,4,6,7,7,4,5,4,7,6,6,6,6,5,7,5,4,5,4,4,6,5,5,Male,22,Unmarried,4.8333,6.2000,4.3333,5.2500,6.6667,5.6667,4.5000,163,0.4540,1.0354,-0.4803,0.4630,1.9876,1.2208,-0.8900,-0.4973,-1.0865,2.4265,-1.7691
164,5,5,7,7,6,6,5,6,7,4,5,4,3,6,6,5,5,6,6,3,3,6,3,4,5,6,4,4,Female,24,Unmarried,4.3333,5.6000,4.0000,4.5000,5.6667,5.6667,6.0000,164,-0.2374,0.1144,-0.8998,-0.4982,0.7732,1.2208,1.0572,-0.1029,1.2906,0.9439,0.8174
165,7,6,5,7,5,5,4,6,6,5,5,5,5,7,5,6,5,7,6,7,5,4,4,3,3,6,5,2,Female,23,Unmarried,3.8333,6.0000,5.0000,5.5000,5.6667,4.6667,6.2500,165,-0.9287,0.7284,0.3586,0.7834,0.7732,-0.0837,1.3817,0.2612,-0.1157,-0.0647,1.0683
166,5,3,4,4,6,5,3,4,4,4,5,5,4,5,5,5,6,4,4,5,4,5,6,3,5,5,3,5,Female,20,Unmarried,4.5000,5.0000,4.6667,4.5000,4.0000,4.6667,4.0000,166,-0.0069,-0.8066,-0.0608,-0.4982,-1.2509,-0.0837,-1.5391,0.0491,0.1288,0.1047,1.9252
167,6,4,6,5,3,5,4,4,4,5,5,5,5,5,6,6,5,6,5,5,5,5,4,4,4,3,4,3,Female,21,Unmarried,3.6667,5.6000,5.0000,5.0000,4.3333,4.0000,5.2500,167,-1.1591,0.1144,0.3586,0.1426,-0.8461,-0.9534,0.0836,0.0410,-0.0797,0.8066,-0.0707
168,6,7,5,5,6,5,4,6,6,6,7,7,5,5,7,6,6,7,5,5,5,6,7,3,7,7,6,5,Female,23,Unmarried,5.8333,6.2000,6.3333,5.2500,6.0000,5.0000,5.7500,168,1.8366,1.0354,2.0365,0.4630,1.1780,0.3511,0.7326,2.1085,0.2572,0.4136,0.8630
169,5,4,4,2,4,4,6,6,5,5,4,3,5,5,5,5,4,5,4,4,5,3,5,3,2,4,4,3,Male,23,Unmarried,3.5000,4.8000,4.0000,4.0000,5.3333,4.6667,3.7500,169,-1.3896,-1.1136,-0.8998,-1.1390,0.3684,-0.0837,-1.8636,1.0020,0.1560,-0.0308,-0.6865
170,5,7,6,6,5,4,4,5,7,7,3,5,5,4,7,6,5,5,5,5,6,5,2,4,6,5,3,5,Male,23,Unmarried,4.1667,5.4000,4.3333,5.2500,6.3333,4.3333,6.0000,170,-0.4678,-0.1926,-0.4803,0.4630,1.5828,-0.5185,1.0572,0.0925,-0.5482,-0.8208,1.6733
171,5,5,6,5,6,4,6,4,4,6,5,4,4,5,5,5,5,5,6,5,4,6,4,3,3,5,5,3,Male,18,Unmarried,3.8333,5.0000,4.3333,5.2500,4.6667,5.3333,5.2500,171,-0.9287,-0.8066,-0.4803,0.4630,-0.4413,0.7860,0.0836,0.3874,0.0657,-0.3468,-0.0369
172,6,5,4,6,6,4,7,5,5,6,4,3,3,5,6,4,3,6,5,5,6,5,5,3,1,5,6,3,Male,22,Unmarried,3.8333,4.8000,3.3333,5.2500,5.3333,5.6667,5.2500,172,-0.9287,-1.1136,-1.7387,0.4630,0.3684,1.2208,0.0836,1.9363,0.1020,0.4497,0.0308
173,4,5,4,5,4,3,4,5,7,6,5,5,5,6,7,7,7,6,3,5,3,2,5,4,3,5,5,5,Female,23,Married,4.5000,6.6000,5.0000,3.2500,6.0000,3.6667,4.5000,173,-0.0069,1.6494,0.3586,-2.1002,1.1780,-1.3882,-0.8900,0.5915,1.2355,-1.6353,-1.0485
174,6,5,5,6,4,4,3,7,6,5,4,4,4,6,7,5,6,7,6,5,5,4,6,4,7,6,5,5,Female,21,Unmarried,5.5000,6.2000,4.0000,5.0000,6.0000,3.6667,5.5000,174,1.3757,1.0354,-0.8998,0.1426,1.1780,-1.3882,0.4081,-0.9316,-0.5665,-1.6353,0.4807
175,6,7,7,6,3,6,5,7,7,5,4,5,6,6,5,6,5,7,5,5,6,4,5,4,3,4,3,3,Female,22,Unmarried,3.6667,5.8000,5.0000,5.0000,6.3333,4.6667,6.5000,175,-1.1591,0.4214,0.3586,0.1426,1.5828,-0.0837,1.7062,0.1511,-0.1428,-0.1325,2.7007
176,3,5,5,5,6,7,5,4,3,4,5,5,3,5,5,7,6,6,6,7,6,5,6,3,4,5,3,5,Male,19,Unmarried,4.3333,5.8000,4.3333,6.0000,3.6667,6.0000,4.5000,176,-0.2374,0.4214,-0.4803,1.4242,-1.6557,1.6556,-0.8900,-0.2024,-1.4736,-2.7412,1.4736
177,6,6,5,4,5,5,5,6,6,6,5,7,5,6,6,6,7,5,5,6,5,4,6,4,4,4,5,5,Female,24,Unmarried,4.6667,6.0000,5.6667,5.0000,6.0000,5.0000,5.2500,177,0.2235,0.7284,1.1976,0.1426,1.1780,0.3511,0.0836,0.8723,0.0293,0.4136,0.0984
178,6,5,7,5,4,3,5,6,4,5,5,4,6,5,5,6,6,4,4,6,6,5,5,3,4,5,4,5,Male,20,Unmarried,4.3333,5.2000,5.0000,5.2500,5.0000,4.0000,5.7500,178,-0.2374,-0.4996,0.3586,0.4630,-0.0364,-0.9534,0.7326,-0.1792,-0.6985,0.0347,-0.0267
179,5,6,6,5,3,5,4,7,7,6,4,4,4,3,4,5,5,4,5,4,4,3,5,4,6,5,5,6,Male,20,Unmarried,5.1667,4.2000,4.0000,4.0000,6.6667,4.0000,5.5000,179,0.9149,-2.0346,-0.8998,-1.1390,1.9876,-0.9534,0.4081,1.8307,-0.3891,-1.8950,0.8112
180,4,4,3,6,4,3,3,5,4,5,3,4,2,5,6,5,5,6,4,5,5,4,6,3,3,4,5,4,Male,23,Unmarried,4.1667,5.4000,3.0000,4.5000,4.6667,3.3333,4.2500,180,-0.4678,-0.1926,-2.1582,-0.4982,-0.4413,-1.8231,-1.2146,0.4158,2.2142,0.8044,0.5359
181,7,7,5,7,5,6,5,5,7,5,7,7,7,6,5,7,5,6,7,6,7,6,5,6,5,6,5,5,Female,22,Unmarried,5.3333,5.8000,7.0000,6.5000,5.6667,5.3333,6.5000,181,1.1453,0.4214,2.8755,2.0650,0.7732,0.7860,1.7062,1.2116,1.3410,0.6077,1.3192
182,4,2,3,4,6,6,5,6,5,5,4,3,4,5,6,5,6,5,4,3,4,4,4,4,5,7,5,6,Female,25,Unmarried,5.1667,5.4000,3.6667,3.7500,5.3333,5.6667,3.2500,182,0.9149,-0.1926,-1.3192,-1.4594,0.3684,1.2208,-2.5127,0.2541,-3.0675,0.4497,-0.9256
183,4,4,5,4,6,6,5,5,5,4,5,3,4,5,6,6,5,6,5,5,5,5,5,5,3,5,6,4,Male,21,Unmarried,4.6667,5.6000,4.0000,5.0000,4.6667,5.6667,4.2500,183,0.2235,0.1144,-0.8998,0.1426,-0.4413,1.2208,-1.2146,-0.1029,-1.4827,-0.5387,0.5359
184,5,4,6,6,5,5,5,7,6,5,6,4,5,6,6,6,6,6,5,5,6,7,7,5,5,5,5,6,Female,23,Unmarried,5.5000,6.0000,5.0000,5.7500,6.0000,5.0000,5.2500,184,1.3757,0.7284,0.3586,1.1038,1.1780,0.3511,0.0836,0.2612,0.0293,0.4136,0.0984
185,3,3,4,3,6,4,5,3,5,5,5,4,5,5,5,5,6,5,5,5,4,3,4,4,4,5,4,3,Male,21,Unmarried,4.0000,5.2000,4.6667,4.2500,4.3333,5.0000,3.2500,185,-0.6982,-0.4996,-0.0608,-0.8186,-0.8461,0.3511,-2.5127,0.0304,-0.8823,-0.2971,2.1259
186,5,4,5,6,4,5,5,5,5,4,6,5,4,4,5,6,6,6,5,5,4,4,5,5,5,7,5,5,Male,21,Unmarried,5.3333,5.4000,5.0000,4.5000,4.6667,4.6667,5.0000,186,1.1453,-0.1926,0.3586,-0.4982,-0.4413,-0.0837,-0.2410,-0.0691,0.0202,0.0369,0.1063
187,5,5,5,5,6,4,4,5,6,6,5,5,5,6,5,5,5,7,4,7,4,4,5,4,5,6,5,5,Male,20,Unmarried,5.0000,5.6000,5.0000,4.7500,5.6667,4.6667,5.0000,187,0.6844,0.1144,0.3586,-0.1778,0.7732,-0.0837,-0.2410,0.0410,0.0202,-0.0647,-0.1863
188,5,5,5,6,5,4,4,5,4,4,5,3,3,5,5,5,5,6,6,6,5,5,4,3,4,4,4,5,Female,23,Unmarried,4.0000,5.2000,3.6667,5.5000,4.3333,4.3333,5.2500,188,-0.6982,-0.4996,-1.3192,0.7834,-0.8461,-0.5185,0.0836,0.6591,-0.0433,0.4387,-0.0707
189,7,7,7,6,6,5,3,6,5,6,4,6,5,6,7,6,6,7,5,5,5,4,4,6,5,6,6,6,Male,19,Unmarried,5.5000,6.4000,5.0000,4.7500,5.6667,4.6667,6.7500,189,1.3757,1.3424,0.3586,-0.1778,0.7732,-0.0837,2.0307,0.4814,-0.1700,-0.0647,1.5702
190,4,6,5,7,6,7,6,7,6,5,4,5,4,6,6,6,6,6,5,6,6,3,4,4,4,5,5,4,Female,21,Unmarried,4.3333,6.0000,4.3333,5.0000,6.0000,6.3333,5.5000,190,-0.2374,0.7284,-0.4803,0.1426,1.1780,2.0905,0.4081,-0.3498,0.8531,2.4626,0.4807
191,6,5,5,7,6,4,5,6,4,4,6,5,5,7,7,7,7,6,6,5,6,5,6,5,4,6,5,5,Female,21,Unmarried,5.1667,6.8000,5.3333,5.5000,4.6667,5.0000,5.7500,191,0.9149,1.9564,0.7781,0.7834,-0.4413,0.3511,0.7326,1.5223,0.2572,-0.1549,-0.3233
192,7,4,6,4,6,5,4,5,4,4,4,4,4,4,6,7,5,5,4,4,4,4,4,2,4,5,4,6,Female,21,Unmarried,4.1667,5.4000,4.0000,4.0000,4.3333,5.0000,5.2500,192,-0.4678,-0.1926,-0.8998,-1.1390,-0.8461,0.3511,0.0836,0.1733,0.0293,-0.2971,-0.0707
193,5,5,5,6,6,6,7,6,6,5,6,6,7,7,7,6,7,7,5,3,5,5,5,4,6,7,6,5,Female,22,Unmarried,5.5000,6.8000,6.3333,4.5000,5.6667,6.3333,5.2500,193,1.3757,1.9564,2.0365,-0.4982,0.7732,2.0905,0.0836,3.9842,0.1747,1.6164,0.0646
194,6,6,5,5,5,5,3,5,5,4,4,4,5,5,5,5,5,4,5,6,6,5,5,2,5,4,4,5,Female,24,Unmarried,4.1667,4.8000,4.3333,5.5000,4.6667,4.3333,5.5000,194,-0.4678,-1.1136,-0.4803,0.7834,-0.4413,-0.5185,0.4081,0.5349,-0.2116,0.2288,-0.1801
195,4,4,4,4,5,3,4,4,5,4,4,4,3,4,6,5,5,6,7,7,6,4,5,3,5,4,4,3,Male,22,Unmarried,4.0000,5.2000,3.6667,6.0000,4.3333,4.0000,4.0000,195,-0.6982,-0.4996,-1.3192,1.4242,-0.8461,-0.9534,-1.5391,0.6591,1.4673,0.8066,1.3022
196,6,6,6,5,5,5,3,7,4,5,4,5,4,6,6,6,5,5,5,7,7,5,5,6,5,7,5,4,Male,22,Unmarried,5.3333,5.6000,4.3333,6.0000,5.3333,4.3333,5.7500,196,1.1453,0.1144,-0.4803,1.4242,0.3684,-0.5185,0.7326,-0.0549,-0.3799,-0.1910,0.2699
197,6,6,6,4,5,4,4,7,6,6,4,5,4,4,5,4,4,6,6,5,6,5,5,4,5,5,5,4,Male,20,Unmarried,4.6667,4.6000,4.3333,5.5000,6.3333,4.3333,5.5000,197,0.2235,-1.4206,-0.4803,0.7834,1.5828,-0.5185,0.4081,0.6823,-0.2116,-0.8208,0.6459
198,5,5,5,4,4,5,5,6,5,6,5,4,4,6,4,7,5,6,5,4,4,4,5,3,4,4,5,4,Male,20,Unmarried,4.1667,5.6000,4.3333,4.2500,5.6667,4.6667,4.7500,198,-0.4678,0.1144,-0.4803,-0.8186,0.7732,-0.0837,-0.5655,-0.0549,0.0473,-0.0647,-0.4372
199,5,5,6,4,4,4,5,6,5,6,5,5,7,6,6,7,7,6,5,6,5,5,5,5,4,6,5,4,Male,22,Unmarried,4.8333,6.4000,5.6667,5.2500,5.6667,4.3333,5.0000,199,0.4540,1.3424,1.1976,0.4630,0.7732,-0.5185,-0.2410,1.6076,0.1249,-0.4009,-0.1863
200,6,5,7,4,4,7,4,4,3,3,5,5,4,4,4,5,5,4,5,6,4,3,4,5,4,5,5,5,Female,21,Unmarried,4.6667,4.4000,4.6667,4.5000,3.3333,5.0000,5.5000,200,0.2235,-1.7276,-0.0608,-0.4982,-2.0605,0.3511,0.4081,0.1051,0.1433,-0.7235,-0.8409
201,6,5,4,6,6,5,5,5,5,5,5,6,7,6,7,7,6,6,5,4,5,6,7,5,5,6,7,6,Male,20,Unmarried,6.0000,6.4000,6.0000,5.0000,5.0000,5.3333,5.2500,201,2.0671,1.3424,1.6171,0.1426,-0.0364,0.7860,0.0836,2.1707,0.0657,-0.0286,-0.0030
202,5,4,4,5,2,4,4,4,5,5,4,3,3,6,5,5,5,6,4,4,4,3,3,3,3,4,3,3,Male,20,Unmarried,3.1667,5.4000,3.3333,3.7500,4.6667,3.3333,4.5000,202,-1.8504,-0.1926,-1.7387,-1.4594,-0.4413,-1.8231,-0.8900,0.3349,1.6226,0.8044,0.3927
203,5,6,6,6,5,4,3,4,5,5,5,5,5,6,5,5,6,6,4,4,2,5,5,4,5,5,3,5,Male,21,Unmarried,4.5000,5.6000,5.0000,3.7500,4.6667,4.0000,5.7500,203,-0.0069,0.1144,0.3586,-1.4594,-0.4413,-0.9534,0.7326,0.0410,-0.6985,0.4207,-0.3233
204,6,6,5,5,4,4,4,5,4,6,6,5,4,7,7,7,7,7,5,7,6,7,5,3,5,4,4,3,Male,19,Unmarried,4.0000,7.0000,5.0000,6.2500,5.0000,4.0000,5.5000,204,-0.6982,2.2633,0.3586,1.7446,-0.0364,-0.9534,0.4081,0.8117,-0.3891,0.0347,-0.0149
205,4,5,4,4,5,6,5,5,6,4,6,6,5,6,5,5,5,5,4,7,4,5,5,4,4,7,6,4,Male,21,Unmarried,5.0000,5.2000,5.6667,5.0000,5.0000,5.3333,4.2500,205,0.6844,-0.4996,1.1976,0.1426,-0.0364,0.7860,-1.2146,-0.5984,-0.9546,-0.0286,0.0443
206,6,6,5,5,5,4,6,6,5,5,5,5,5,5,7,6,6,7,5,6,6,6,6,4,5,6,7,5,Female,20,Unmarried,5.5000,6.2000,5.0000,5.7500,5.3333,5.0000,5.5000,206,1.3757,1.0354,0.3586,1.1038,0.3684,0.3511,0.4081,0.3713,0.1433,0.1294,0.1503
207,6,6,6,7,6,5,4,6,5,5,7,2,4,6,4,5,6,4,6,7,6,4,6,5,5,7,4,5,Male,19,Unmarried,5.3333,5.0000,4.3333,5.7500,5.3333,5.0000,6.2500,207,1.1453,-0.8066,-0.4803,1.1038,0.3684,0.3511,1.3817,0.3874,0.4852,0.1294,0.5090
208,6,7,6,5,4,4,7,6,4,4,4,5,5,5,6,5,6,7,5,5,5,3,5,5,2,4,3,5,Female,20,Unmarried,4.0000,5.8000,4.6667,4.5000,4.6667,5.0000,6.0000,208,-0.6982,0.4214,-0.0608,-0.4982,-0.4413,0.3511,1.0572,-0.0256,0.3712,-0.1549,-0.4665
209,6,7,5,7,3,3,6,4,5,3,5,4,5,6,5,5,5,3,5,5,6,5,5,2,6,4,3,4,Female,18,Unmarried,4.0000,4.8000,4.6667,5.2500,4.0000,4.0000,6.2500,209,-0.6982,-1.1136,-0.0608,0.4630,-1.2509,-0.9534,1.3817,0.0677,-1.3173,1.1926,-1.7283
210,6,7,6,6,6,4,5,5,5,6,5,6,4,6,6,6,6,5,4,6,5,7,7,4,3,4,6,5,Male,20,Unmarried,4.8333,5.8000,5.0000,5.5000,5.3333,5.0000,6.2500,210,0.4540,0.4214,0.3586,0.7834,0.3684,0.3511,1.3817,0.1511,0.4852,0.1294,0.5090
211,6,4,5,6,4,4,5,7,5,5,5,7,7,5,6,6,6,6,5,6,7,6,4,4,6,5,6,5,Female,21,Unmarried,5.0000,5.8000,6.3333,6.0000,5.6667,4.3333,5.2500,211,0.6844,0.4214,2.0365,1.4242,0.7732,-0.5185,0.0836,0.8581,-0.0433,-0.4009,0.0646
212,6,6,6,5,4,5,5,5,4,5,5,5,4,5,6,5,5,5,4,5,4,4,4,4,5,4,5,4,Male,21,Unmarried,4.3333,5.2000,4.6667,4.2500,4.6667,4.6667,5.7500,212,-0.2374,-0.4996,-0.0608,-0.8186,-0.4413,-0.0837,0.7326,0.0304,-0.0613,0.0369,-0.3233
213,6,4,6,6,5,7,5,6,6,6,6,5,6,7,6,6,6,6,7,6,6,7,5,5,5,6,5,4,Male,20,Unmarried,5.0000,6.2000,5.6667,6.5000,6.0000,5.6667,5.5000,213,0.6844,1.0354,1.1976,2.0650,1.1780,1.2208,0.4081,1.2399,0.4982,1.4381,0.4807
214,5,5,6,5,4,5,4,5,6,5,5,4,4,5,6,7,6,6,6,4,5,4,5,2,4,5,4,3,Female,21,Unmarried,3.8333,6.0000,4.3333,4.7500,5.3333,4.3333,5.2500,214,-0.9287,0.7284,-0.4803,-0.1778,0.3684,-0.5185,0.0836,-0.3498,-0.0433,-0.1910,0.0308
215,5,5,6,5,4,6,3,5,3,5,4,5,4,6,6,5,5,6,6,4,6,4,4,3,4,4,4,3,Male,22,Unmarried,3.6667,5.6000,4.3333,5.0000,4.3333,4.3333,5.2500,215,-1.1591,0.1144,-0.4803,0.1426,-0.8461,-0.5185,0.0836,-0.0549,-0.0433,0.4387,-0.0707
216,6,5,5,5,4,6,4,4,5,5,5,3,3,4,6,6,5,6,5,5,4,4,6,4,4,5,6,3,Male,19,Unmarried,4.6667,5.4000,3.6667,4.5000,4.6667,4.6667,5.2500,216,0.2235,-0.1926,-1.3192,-0.4982,-0.4413,-0.0837,0.0836,0.2541,-0.0070,0.0369,-0.0369
217,5,5,5,5,3,4,4,4,4,4,6,6,5,6,5,5,6,5,5,6,6,4,6,2,5,5,3,4,Male,23,Unmarried,4.1667,5.4000,5.6667,5.2500,4.0000,3.6667,5.0000,217,-0.4678,-0.1926,1.1976,0.4630,-1.2509,-1.3882,-0.2410,-0.2307,0.3345,1.7365,0.3014
218,7,6,7,7,4,5,4,6,5,5,7,6,7,5,5,5,6,5,5,5,5,6,7,6,4,6,5,4,Female,19,Unmarried,5.3333,5.2000,6.6667,5.2500,5.3333,4.3333,6.7500,218,1.1453,-0.4996,2.4560,0.4630,0.3684,-0.5185,2.0307,-1.2271,-1.0530,-0.1910,0.7481
219,5,6,6,6,4,6,4,4,4,3,7,5,4,6,5,6,5,5,4,5,5,5,4,3,4,4,4,5,Female,20,Unmarried,4.0000,5.4000,5.3333,4.7500,3.6667,4.6667,5.7500,219,-0.6982,-0.1926,0.7781,-0.1778,-1.6557,-0.0837,0.7326,-0.1499,-0.0613,0.1386,-1.2130
220,3,6,4,5,4,5,4,4,4,3,4,4,2,4,6,5,5,5,2,5,4,4,5,4,4,5,3,5,Female,20,Unmarried,4.3333,5.0000,3.3333,3.7500,3.6667,4.3333,4.5000,220,-0.2374,-0.8066,-1.7387,-1.4594,-1.6557,-0.5185,-0.8900,1.4025,0.4615,0.8586,1.4736
221,5,5,6,5,4,4,6,6,5,5,3,4,3,3,5,5,3,4,5,5,6,4,5,4,4,5,5,4,Male,23,Unmarried,4.5000,4.0000,3.3333,5.0000,5.3333,4.6667,5.2500,221,-0.0069,-2.3416,-1.7387,0.1426,0.3684,-0.0837,0.0836,4.0714,-0.0070,-0.0308,0.0308
222,6,5,6,5,5,5,5,6,4,3,6,4,4,5,5,6,5,5,6,6,4,6,4,3,4,6,5,4,Male,24,Unmarried,4.3333,5.2000,4.6667,5.5000,4.3333,5.0000,5.5000,222,-0.2374,-0.4996,-0.0608,0.7834,-0.8461,0.3511,0.4081,0.0304,0.1433,-0.2971,-0.3453
223,6,5,5,5,5,4,4,4,4,5,6,4,7,5,7,6,5,7,5,4,4,6,5,5,4,5,4,6,Male,21,Unmarried,4.8333,6.0000,5.6667,4.7500,4.3333,4.3333,5.2500,223,0.4540,0.7284,1.1976,-0.1778,-0.8461,-0.5185,0.0836,0.8723,-0.0433,0.4387,-0.0707
224,5,5,5,6,3,3,5,5,4,5,6,5,5,6,7,7,6,6,6,5,5,6,5,3,3,4,4,3,Female,23,Unmarried,3.6667,6.4000,5.3333,5.5000,4.6667,3.6667,5.2500,224,-1.1591,1.3424,0.7781,0.7834,-0.4413,-1.3882,0.0836,1.0445,-0.1160,0.6126,-0.0369
225,6,6,7,6,7,4,5,7,4,5,4,4,5,5,6,7,6,5,6,4,6,3,5,4,3,5,4,3,Female,19,Unmarried,4.0000,5.8000,4.3333,4.7500,5.3333,5.3333,6.2500,225,-0.6982,0.4214,-0.4803,-0.1778,0.3684,0.7860,1.3817,-0.2024,1.0860,0.2895,0.5090
226,4,6,6,5,6,4,4,6,6,7,6,7,5,6,6,6,7,6,6,6,5,5,4,4,4,6,5,5,Female,22,Unmarried,4.6667,6.2000,6.0000,5.5000,6.3333,4.6667,5.2500,226,0.2235,1.0354,1.6171,0.7834,1.5828,-0.0837,0.0836,1.6742,-0.0070,-0.1325,0.1323
227,5,5,5,5,5,7,5,6,5,6,5,6,6,7,7,7,6,7,4,4,5,4,6,3,4,6,5,5,Female,21,Unmarried,4.8333,6.8000,5.6667,4.2500,5.6667,5.6667,5.0000,227,0.4540,1.9564,1.1976,-0.8186,0.7732,1.2208,-0.2410,2.3429,-0.2942,0.9439,-0.1863
228,5,5,6,6,5,6,4,5,4,4,5,5,4,5,7,7,7,7,4,4,3,3,5,4,5,5,5,4,Male,19,Unmarried,4.6667,6.6000,4.6667,3.5000,4.3333,5.0000,5.5000,228,0.2235,1.6494,-0.0608,-1.7798,-0.8461,0.3511,0.4081,-0.1003,0.1433,-0.2971,-0.3453
229,5,3,5,4,4,4,4,7,5,4,5,4,5,7,6,5,6,6,4,5,4,4,6,6,4,6,5,6,Female,20,Unmarried,5.5000,6.0000,4.6667,4.2500,5.3333,4.0000,4.2500,229,1.3757,0.7284,-0.0608,-0.8186,0.3684,-0.9534,-1.2146,-0.0443,1.1579,-0.3512,-0.4474
230,5,5,6,5,5,4,5,5,4,6,2,5,4,5,5,6,6,5,7,6,6,7,3,3,4,5,3,3,Female,22,Unmarried,3.5000,5.4000,3.6667,6.5000,5.0000,4.6667,5.2500,230,-1.3896,-0.1926,-1.3192,2.0650,-0.0364,-0.0837,0.0836,0.2541,-0.0070,0.0030,-0.0030
231,6,5,5,6,4,4,5,5,5,6,5,3,4,5,6,7,6,5,5,6,5,5,6,5,4,5,4,5,Female,19,Unmarried,4.8333,5.8000,4.0000,5.2500,5.3333,4.3333,5.5000,231,0.4540,0.4214,-0.8998,0.4630,0.3684,-0.5185,0.4081,-0.3791,-0.2116,-0.1910,0.1503
232,5,4,5,6,5,5,4,5,3,5,5,5,5,5,6,5,5,5,5,5,5,5,5,3,2,5,3,5,Female,20,Unmarried,3.8333,5.2000,5.0000,5.0000,4.3333,4.6667,5.0000,232,-0.9287,-0.4996,0.3586,0.1426,-0.8461,-0.0837,-0.2410,-0.1792,0.0202,0.0708,0.2039
233,5,6,6,6,4,2,3,5,4,3,6,5,6,4,6,5,6,6,5,6,5,4,7,5,4,4,5,5,Male,18,Unmarried,5.0000,5.4000,5.6667,5.0000,4.0000,3.0000,5.7500,233,0.6844,-0.1926,1.1976,0.1426,-1.2509,-2.2579,0.7326,-0.2307,-1.6542,2.8244,-0.9164
234,5,4,3,5,2,4,2,5,5,4,5,5,3,6,6,5,7,6,3,4,1,2,6,6,4,4,4,4,Female,22,Unmarried,4.6667,6.0000,4.3333,2.5000,4.6667,2.6667,4.2500,234,0.2235,0.7284,-0.4803,-3.0614,-0.4413,-2.6927,-1.2146,-0.3498,3.2705,1.1882,0.5359
235,7,4,5,4,5,4,4,6,5,5,4,4,4,5,5,6,5,6,6,5,5,5,5,5,4,5,5,6,Male,23,Unmarried,5.0000,5.4000,4.0000,5.2500,5.3333,4.3333,5.0000,235,0.6844,-0.1926,-0.8998,0.4630,0.3684,-0.5185,-0.2410,0.1733,0.1249,-0.1910,-0.0888
236,4,5,6,5,6,4,5,6,5,5,6,4,5,6,4,6,6,5,5,4,4,4,6,4,3,5,5,4,Female,23,Unmarried,4.5000,5.4000,5.0000,4.2500,5.3333,5.0000,5.0000,236,-0.0069,-0.1926,0.3586,-0.8186,0.3684,0.3511,-0.2410,-0.0691,-0.0846,0.1294,-0.0888
237,5,5,4,5,3,5,2,5,4,5,6,5,3,5,6,6,6,5,5,4,4,5,6,4,7,4,4,2,Female,19,Unmarried,4.5000,5.6000,4.6667,4.5000,4.6667,3.3333,4.7500,237,-0.0069,0.1144,-0.0608,-0.4982,-0.4413,-1.8231,-0.5655,-0.0070,1.0309,0.8044,0.2495
238,4,4,6,5,5,4,5,7,6,5,4,4,4,5,4,5,5,6,4,4,5,4,4,2,4,5,4,4,Male,23,Unmarried,3.8333,5.0000,4.0000,4.2500,6.0000,4.6667,4.7500,238,-0.9287,-0.8066,-0.8998,-0.8186,1.1780,-0.0837,-0.5655,0.7258,0.0473,-0.0986,-0.6662
239,6,4,5,5,4,5,3,6,5,5,5,5,4,6,6,6,7,6,4,5,5,7,4,4,2,6,4,4,Female,23,Unmarried,4.0000,6.2000,4.6667,5.2500,5.3333,4.0000,5.0000,239,-0.6982,1.0354,-0.0608,0.4630,0.3684,-0.9534,-0.2410,-0.0630,0.2297,-0.3512,-0.0888
240,7,6,6,7,6,4,4,7,5,5,6,5,6,7,6,7,6,7,4,7,6,5,7,3,6,5,6,6,Male,21,Unmarried,5.5000,6.6000,5.6667,5.5000,5.6667,4.6667,6.5000,240,1.3757,1.6494,1.1976,0.7834,0.7732,-0.0837,1.7062,1.9753,-0.1428,-0.0647,1.3192
241,4,5,5,4,4,6,4,6,6,6,5,5,5,4,5,5,4,5,5,5,4,4,5,4,3,5,4,5,Male,20,Unmarried,4.3333,4.6000,5.0000,4.5000,6.0000,4.6667,4.5000,241,-0.2374,-1.4206,0.3586,-0.4982,1.1780,-0.0837,-0.8900,-0.5095,0.0745,-0.0986,-1.0485
242,5,5,5,3,3,4,2,6,4,6,7,7,6,6,6,5,7,6,4,4,5,4,3,3,4,4,4,3,Male,21,Unmarried,3.5000,6.0000,6.6667,4.2500,5.3333,3.0000,4.5000,242,-1.3896,0.7284,2.4560,-0.8186,0.3684,-2.2579,-0.8900,1.7889,2.0096,-0.8318,-0.3279
243,5,4,5,5,4,5,3,5,5,5,5,4,5,5,6,6,5,6,4,6,4,3,5,4,5,5,4,4,Female,19,Unmarried,4.5000,5.6000,4.6667,4.2500,5.0000,4.0000,4.7500,243,-0.0069,0.1144,-0.0608,-0.8186,-0.0364,-0.9534,-0.5655,-0.0070,0.5391,0.0347,0.0206
244,6,4,6,5,6,5,6,6,5,4,5,6,4,6,5,6,7,5,6,6,5,4,4,2,2,5,5,5,Female,23,Unmarried,3.8333,5.8000,5.0000,5.2500,5.0000,5.6667,5.2500,244,-0.9287,0.4214,0.3586,0.4630,-0.0364,1.2208,0.0836,0.1511,0.1020,-0.0445,-0.0030
245,6,4,4,5,5,5,4,6,5,4,6,6,3,4,6,6,6,6,4,3,3,3,5,4,4,5,4,6,Female,22,Unmarried,4.6667,5.6000,5.0000,3.2500,5.0000,4.6667,4.7500,245,0.2235,0.1144,0.3586,-2.1002,-0.0364,-0.0837,-0.5655,0.0410,0.0473,0.0030,0.0206
246,5,4,6,4,4,4,5,4,3,3,6,6,5,5,6,6,6,5,4,4,4,5,5,3,4,4,4,3,Female,20,Unmarried,3.8333,5.6000,5.6667,4.2500,3.3333,4.3333,4.7500,246,-0.9287,0.1144,1.1976,-0.8186,-2.0605,-0.5185,-0.5655,0.1370,0.2932,1.0685,1.1652
247,3,5,6,6,5,5,5,6,4,5,5,4,5,6,5,6,5,5,6,6,7,6,5,4,4,5,5,5,Female,21,Unmarried,4.6667,5.4000,4.6667,6.2500,5.0000,5.0000,5.0000,247,0.2235,-0.1926,-0.0608,1.7446,-0.0364,0.3511,-0.2410,0.0117,-0.0846,-0.0128,0.0088
248,4,4,5,5,3,3,3,6,5,5,5,4,5,4,5,4,5,4,5,4,3,3,6,4,5,5,6,5,Male,24,Unmarried,5.1667,4.4000,4.6667,3.7500,5.3333,3.0000,4.5000,248,0.9149,-1.7276,-0.0608,-1.4594,0.3684,-2.2579,-0.8900,0.1051,2.0096,-0.8318,-0.3279
249,6,6,5,5,4,4,4,5,5,4,7,5,5,5,5,5,5,6,3,5,3,4,4,5,5,5,3,4,Male,21,Unmarried,4.3333,5.2000,5.6667,3.7500,4.6667,4.0000,5.5000,249,-0.2374,-0.4996,1.1976,-1.4594,-0.4413,-0.9534,0.4081,-0.5984,-0.3891,0.4207,-0.1801
250,4,5,7,6,6,4,2,6,5,4,6,6,6,4,5,6,4,5,5,7,4,5,6,4,5,5,4,5,Female,20,Unmarried,4.8333,4.8000,6.0000,5.2500,5.0000,4.0000,5.5000,250,0.4540,-1.1136,1.6171,0.4630,-0.0364,-0.9534,0.4081,-1.8008,-0.3891,0.0347,-0.0149
251,4,6,6,5,3,4,4,5,6,5,5,5,4,5,7,6,6,6,4,6,6,5,5,4,3,7,5,6,Female,20,Unmarried,5.0000,6.0000,4.6667,5.2500,5.3333,3.6667,5.2500,251,0.6844,0.7284,-0.0608,0.4630,0.3684,-1.3882,0.0836,-0.0443,-0.1160,-0.5114,0.0308
252,6,5,5,6,5,5,5,6,6,3,3,5,4,5,6,6,5,5,5,4,4,3,4,4,4,5,5,5,Male,19,Unmarried,4.5000,5.4000,4.0000,4.0000,5.0000,5.0000,5.5000,252,-0.0069,-0.1926,-0.8998,-1.1390,-0.0364,0.3511,0.4081,0.1733,0.1433,-0.0128,-0.0149
253,4,3,2,4,5,4,6,5,4,4,5,4,4,4,4,4,5,3,5,6,4,2,4,4,6,5,5,3,Female,21,Unmarried,4.5000,4.0000,4.3333,4.2500,4.3333,5.0000,3.2500,253,-0.0069,-2.3416,-0.4803,-0.8186,-0.8461,0.3511,-2.5127,1.1247,-0.8823,-0.2971,2.1259
254,4,5,3,5,4,3,5,4,5,5,5,5,5,6,5,5,6,5,5,5,4,3,6,6,4,7,4,4,Female,24,Unmarried,5.1667,5.4000,5.0000,4.2500,4.6667,4.0000,4.2500,254,0.9149,-0.1926,0.3586,-0.8186,-0.4413,-0.9534,-1.2146,-0.0691,1.1579,0.4207,0.5359
255,6,5,6,5,5,4,3,6,4,5,3,5,5,5,6,5,6,5,5,5,5,4,4,3,4,6,3,4,Female,21,Unmarried,4.0000,5.4000,4.3333,4.7500,5.0000,4.0000,5.5000,255,-0.6982,-0.1926,-0.4803,-0.1778,-0.0364,-0.9534,0.4081,0.0925,-0.3891,0.0347,-0.0149
256,6,5,5,6,4,3,3,6,4,4,3,5,3,5,4,6,6,4,4,5,6,3,5,4,4,5,5,4,Male,21,Unmarried,4.5000,5.0000,3.6667,4.5000,4.6667,3.3333,5.5000,256,-0.0069,-0.8066,-1.3192,-0.4982,-0.4413,-1.8231,0.4081,1.0642,-0.7440,0.8044,-0.1801
257,6,5,5,7,4,6,3,6,4,5,5,5,6,7,7,6,7,7,6,6,5,6,5,6,5,6,4,5,Female,21,Unmarried,5.1667,6.8000,5.3333,5.7500,5.0000,4.3333,5.7500,257,0.9149,1.9564,0.7781,1.1038,-0.0364,-0.5185,0.7326,1.5223,-0.3799,0.0189,-0.0267
258,5,5,3,4,6,6,3,7,6,5,5,5,4,5,5,5,6,4,3,5,2,4,4,3,3,4,4,5,Male,19,Unmarried,3.8333,5.0000,4.6667,3.5000,6.0000,5.0000,4.2500,258,-0.9287,-0.8066,-0.0608,-1.7798,1.1780,0.3511,-1.2146,0.0491,-0.4265,0.4136,-1.4308
259,6,5,6,6,5,6,4,6,7,7,4,6,4,5,5,6,6,6,4,4,5,5,6,4,6,7,5,5,Female,22,Unmarried,5.5000,5.6000,4.6667,4.5000,6.6667,5.0000,5.7500,259,1.3757,0.1144,-0.0608,-0.4982,1.9876,0.3511,0.7326,-0.0070,0.2572,0.6979,1.4562
260,6,5,6,5,4,6,6,5,4,6,5,5,6,6,6,6,6,6,6,6,7,7,6,4,4,6,5,5,Male,22,Unmarried,5.0000,6.0000,5.3333,6.5000,5.0000,5.3333,5.5000,260,0.6844,0.7284,0.7781,2.0650,-0.0364,0.7860,0.4081,0.5667,0.3208,-0.0286,-0.0149
261,5,4,6,4,4,5,3,5,5,5,5,5,4,5,6,6,6,6,5,5,5,4,4,4,5,6,3,4,Female,23,Unmarried,4.3333,5.8000,4.6667,4.7500,5.0000,4.0000,4.7500,261,-0.2374,0.4214,-0.0608,-0.1778,-0.0364,-0.9534,-0.5655,-0.0256,0.5391,0.0347,0.0206
262,4,5,5,5,4,4,5,4,7,6,4,4,4,6,6,7,6,7,4,3,6,4,6,6,6,6,7,4,Male,19,Unmarried,5.8333,6.4000,4.0000,4.2500,5.6667,4.3333,4.7500,262,1.8366,1.3424,-0.8998,-0.8186,0.7732,-0.5185,-0.5655,-1.2078,0.2932,-0.4009,-0.4372
263,6,7,5,6,5,4,5,7,5,6,5,6,4,7,6,5,5,5,6,5,5,6,6,5,5,5,5,4,Male,22,Unmarried,5.0000,5.6000,5.0000,5.5000,6.0000,4.6667,6.0000,263,0.6844,0.1144,0.3586,0.7834,1.1780,-0.0837,1.0572,0.0410,-0.0885,-0.0986,1.2453
264,5,4,4,4,5,6,6,4,4,4,5,3,3,4,5,5,5,5,3,5,6,4,4,2,4,5,3,3,Female,20,Unmarried,3.5000,4.8000,3.6667,4.5000,4.0000,5.6667,4.2500,264,-1.3896,-1.1136,-1.3192,-0.4982,-1.2509,1.2208,-1.2146,1.4692,-1.4827,-1.5271,1.5193
265,5,5,5,3,5,5,4,5,5,5,5,7,6,7,6,5,5,6,5,6,6,5,5,4,6,7,7,7,Female,21,Unmarried,6.0000,5.8000,6.0000,5.5000,5.0000,4.6667,4.5000,265,2.0671,0.4214,1.6171,0.7834,-0.0364,-0.0837,-0.8900,0.6814,0.0745,0.0030,0.0324
266,6,5,5,7,4,5,4,4,5,5,2,3,4,6,5,5,7,5,7,6,5,5,4,6,4,4,5,5,Male,20,Unmarried,4.6667,5.6000,3.0000,5.7500,4.6667,4.3333,5.7500,266,0.2235,0.1144,-2.1582,1.1038,-0.4413,-0.5185,0.7326,-0.2468,-0.3799,0.2288,-0.3233
267,6,4,4,5,5,7,6,3,4,3,5,3,6,5,5,4,4,5,3,5,4,3,4,2,3,5,4,3,Female,21,Unmarried,3.5000,4.6000,4.6667,3.7500,3.3333,6.0000,4.7500,267,-1.3896,-1.4206,-0.0608,-1.4594,-2.0605,1.6556,-0.5655,0.0864,-0.9363,-3.4115,1.1652
268,5,7,7,5,5,4,4,5,4,4,4,5,4,5,5,7,4,5,5,5,6,5,4,4,4,5,5,5,Male,22,Unmarried,4.5000,5.2000,4.3333,5.2500,4.3333,4.3333,6.0000,268,-0.0069,-0.4996,-0.4803,0.4630,-0.8461,-0.5185,1.0572,0.2400,-0.5482,0.4387,-0.8944
269,6,5,5,3,6,5,5,6,5,4,5,4,5,7,5,7,7,4,6,5,4,5,7,5,5,7,7,5,Male,21,Unmarried,6.0000,6.0000,4.6667,5.0000,5.0000,5.3333,4.7500,269,2.0671,0.7284,-0.0608,0.1426,-0.0364,0.7860,-0.5655,-0.0443,-0.4445,-0.0286,0.0206
270,7,6,6,5,4,7,4,5,6,5,7,6,5,6,7,6,6,7,5,5,5,5,5,3,6,6,6,5,Female,25,Unmarried,5.1667,6.4000,6.0000,5.0000,5.3333,5.0000,6.0000,270,0.9149,1.3424,1.6171,0.1426,0.3684,0.3511,1.0572,2.1707,0.3712,0.1294,0.3894
271,4,6,5,5,4,5,5,6,5,5,5,6,5,5,5,6,6,7,5,5,6,5,5,3,4,7,5,4,Male,22,Unmarried,4.6667,5.8000,5.3333,5.2500,5.3333,4.6667,5.0000,271,0.2235,0.4214,0.7781,0.4630,0.3684,-0.0837,-0.2410,0.3279,0.0202,-0.0308,-0.0888
272,5,5,6,4,3,5,5,5,4,6,5,5,5,5,6,5,6,5,6,5,6,5,6,6,4,4,5,6,Male,23,Unmarried,5.1667,5.4000,5.0000,5.5000,5.0000,4.3333,5.0000,272,0.9149,-0.1926,0.3586,0.7834,-0.0364,-0.5185,-0.2410,-0.0691,0.1249,0.0189,0.0088
273,4,5,4,4,4,6,5,6,5,4,5,4,5,5,5,5,6,6,6,6,3,6,4,6,3,5,6,4,Female,22,Unmarried,4.6667,5.4000,4.6667,5.2500,5.0000,5.0000,4.2500,273,0.2235,-0.1926,-0.0608,0.4630,-0.0364,0.3511,-1.2146,0.0117,-0.4265,-0.0128,0.0443
274,5,6,5,3,4,4,4,7,4,4,4,4,5,4,6,5,5,6,5,4,3,3,4,5,3,5,5,5,Female,19,Unmarried,4.5000,5.2000,4.3333,3.7500,5.0000,4.0000,4.7500,274,-0.0069,-0.4996,-0.4803,-1.4594,-0.0364,-0.9534,-0.5655,0.2400,0.5391,0.0347,0.0206
275,6,6,4,4,5,3,2,5,4,6,5,6,5,4,7,4,7,5,5,5,5,5,4,4,5,6,4,4,Female,21,Unmarried,4.5000,5.4000,5.3333,5.0000,5.0000,3.3333,5.0000,275,-0.0069,-0.1926,0.7781,0.1426,-0.0364,-1.8231,-0.2410,-0.1499,0.4393,0.0664,0.0088
276,4,4,5,4,6,4,6,3,4,2,5,3,5,5,6,5,5,6,5,5,3,3,3,4,4,4,4,2,Female,20,Unmarried,3.5000,5.4000,4.3333,4.0000,3.0000,5.3333,4.2500,276,-1.3896,-0.1926,-0.4803,-1.1390,-2.4653,0.7860,-1.2146,0.0925,-0.9546,-1.9377,2.9943
277,5,5,7,6,6,5,3,5,6,4,5,6,4,6,6,6,5,5,5,5,4,5,5,5,3,5,4,4,Male,20,Unmarried,4.3333,5.6000,5.0000,4.7500,5.0000,4.6667,5.7500,277,-0.2374,0.1144,0.3586,-0.1778,-0.0364,-0.0837,0.7326,0.0410,-0.0613,0.0030,-0.0267
278,5,5,5,5,3,3,4,5,6,7,4,4,5,7,5,7,6,5,6,5,4,4,5,5,4,5,5,3,Female,23,Unmarried,4.5000,6.0000,4.3333,4.7500,6.0000,3.3333,5.0000,278,-0.0069,0.7284,-0.4803,-0.1778,1.1780,-1.8231,-0.2410,-0.3498,0.4393,-2.1476,-0.2839
279,5,5,4,5,5,5,5,5,4,2,3,4,4,5,6,6,6,6,5,6,3,5,4,4,2,6,3,3,Male,22,Unmarried,3.6667,5.8000,3.6667,4.7500,3.6667,5.0000,4.7500,279,-1.1591,0.4214,-1.3192,-0.1778,-1.6557,0.3511,-0.5655,-0.5559,-0.1986,-0.5814,0.9363
280,6,6,5,7,5,6,4,7,7,6,5,5,5,3,5,5,4,5,6,6,5,5,6,4,6,6,3,4,Male,20,Unmarried,4.8333,4.4000,5.0000,5.5000,6.6667,5.0000,6.0000,280,0.4540,-1.7276,0.3586,0.7834,1.9876,0.3511,1.0572,-0.6196,0.3712,0.6979,2.1013
281,4,5,4,3,6,5,5,6,6,6,4,6,5,6,6,5,5,7,4,5,5,3,3,5,5,7,4,4,Male,22,Unmarried,4.6667,5.8000,5.0000,4.2500,6.0000,5.3333,4.0000,281,0.2235,0.4214,0.3586,-0.8186,1.1780,0.7860,-1.5391,0.1511,-1.2097,0.9259,-1.8131
282,4,2,4,4,5,5,5,4,4,4,2,4,2,5,6,6,5,4,6,5,5,3,4,2,5,5,2,3,Male,18,Unmarried,3.5000,5.2000,2.6667,4.7500,4.0000,5.0000,3.5000,282,-1.3896,-0.4996,-2.5777,-0.1778,-1.2509,0.3511,-2.1881,1.2879,-0.7683,-0.4392,2.7371
283,4,4,6,6,4,5,5,6,5,4,5,5,4,5,5,6,4,6,5,7,4,4,4,3,4,5,6,3,Female,21,Unmarried,4.1667,5.2000,4.6667,5.0000,5.0000,4.6667,5.0000,283,-0.4678,-0.4996,-0.0608,0.1426,-0.0364,-0.0837,-0.2410,0.0304,0.0202,0.0030,0.0088
284,4,5,5,4,6,4,5,6,5,5,4,3,3,6,6,5,5,6,6,5,5,4,6,3,5,6,5,5,Male,23,Unmarried,5.0000,5.6000,3.3333,5.0000,5.3333,5.0000,4.5000,284,0.6844,0.1144,-1.7387,0.1426,0.3684,0.3511,-0.8900,-0.1988,-0.3125,0.1294,-0.3279
285,4,5,5,5,5,4,3,5,5,4,6,6,4,6,5,5,6,6,4,4,4,4,6,4,4,6,4,4,Female,22,Unmarried,4.6667,5.6000,5.3333,4.0000,4.6667,4.0000,4.7500,285,0.2235,0.1144,0.7781,-1.1390,-0.4413,-0.9534,-0.5655,0.0890,0.5391,0.4207,0.2495
286,6,6,6,6,5,4,4,6,5,6,6,4,5,6,6,6,6,6,5,7,6,5,5,5,4,3,6,5,Male,21,Unmarried,4.6667,6.0000,5.0000,5.7500,5.6667,4.3333,6.0000,286,0.2235,0.7284,0.3586,1.1038,0.7732,-0.5185,1.0572,0.2612,-0.5482,-0.4009,0.8174
287,6,5,3,5,5,4,5,4,5,2,4,4,4,4,4,4,5,4,5,4,4,6,4,3,4,3,4,5,Male,23,Unmarried,3.8333,4.2000,4.0000,4.7500,3.6667,4.6667,4.7500,287,-0.9287,-2.0346,-0.8998,-0.1778,-1.6557,-0.0837,-0.5655,1.8307,0.0473,0.1386,0.9363
288,5,5,4,5,5,6,5,5,5,4,4,5,3,6,6,4,6,6,3,4,3,3,2,3,5,4,4,4,Female,21,Unmarried,3.6667,5.6000,4.0000,3.2500,4.6667,5.3333,4.7500,288,-1.1591,0.1144,-0.8998,-2.1002,-0.4413,0.7860,-0.5655,-0.1029,-0.4445,-0.3468,0.2495
289,2,5,4,4,5,5,3,4,4,4,2,4,3,4,4,4,3,3,5,4,4,5,3,3,2,4,5,3,Male,24,Unmarried,3.3333,3.6000,3.0000,4.5000,4.0000,4.3333,3.7500,289,-1.6200,-2.9556,-2.1582,-0.4982,-1.2509,-0.5185,-1.8636,6.3788,0.9664,0.6486,2.3312
290,6,5,6,4,5,4,5,5,4,6,5,5,5,6,6,6,6,6,5,4,5,4,5,4,6,4,4,5,Female,21,Unmarried,4.6667,6.0000,5.0000,4.5000,5.0000,4.6667,5.2500,290,0.2235,0.7284,0.3586,-0.4982,-0.0364,-0.0837,0.0836,0.2612,-0.0070,0.0030,-0.0030
291,5,4,5,6,7,6,5,4,3,3,4,3,4,7,7,6,7,6,3,4,2,3,3,3,4,4,4,4,Male,21,Unmarried,3.6667,6.6000,3.6667,3.0000,3.3333,6.0000,5.0000,291,-1.1591,1.6494,-1.3192,-2.4206,-2.0605,1.6556,-0.2410,-2.1759,-0.3989,-3.4115,0.4965
292,6,6,7,6,6,6,6,5,5,5,5,6,5,7,7,7,5,6,6,7,7,6,6,6,6,7,7,6,Female,21,Unmarried,6.3333,6.4000,5.3333,6.5000,5.0000,6.0000,6.2500,292,2.5279,1.3424,0.7781,2.0650,-0.0364,1.6556,1.3817,1.0445,2.2876,-0.0603,-0.0503
293,6,6,7,7,6,6,5,6,5,6,4,4,5,4,5,6,6,6,6,7,7,7,5,3,5,5,4,5,Female,20,Unmarried,4.5000,5.4000,4.3333,6.7500,5.6667,5.6667,6.5000,293,-0.0069,-0.1926,-0.4803,2.3854,0.7732,1.2208,1.7062,0.0925,2.0830,0.9439,1.3192
294,5,5,4,5,4,3,4,5,5,6,5,6,6,5,5,6,4,6,6,4,4,4,5,4,5,7,6,5,Male,21,Unmarried,5.3333,5.2000,5.6667,4.5000,5.3333,3.6667,4.7500,294,1.1453,-0.4996,1.1976,-0.4982,0.3684,-1.3882,-0.5655,-0.5984,0.7850,-0.5114,-0.2083
295,6,5,5,3,3,3,4,5,5,5,5,4,4,6,4,5,5,6,4,5,5,6,5,4,2,5,4,5,Female,22,Unmarried,4.1667,5.2000,4.3333,5.0000,5.0000,3.3333,4.7500,295,-0.4678,-0.4996,-0.4803,0.1426,-0.0364,-1.8231,-0.5655,0.2400,1.0309,0.0664,0.0206
296,6,5,6,4,5,2,4,5,5,4,4,5,4,5,5,5,5,4,4,5,4,4,4,2,7,6,4,5,Female,21,Unmarried,4.6667,4.8000,4.3333,4.2500,4.6667,3.6667,5.2500,296,0.2235,-1.1136,-0.4803,-0.8186,-0.4413,-1.3882,0.0836,0.5349,-0.1160,0.6126,-0.0369
297,5,6,5,6,6,5,6,5,4,5,3,3,5,5,7,5,5,5,4,4,5,5,4,5,5,4,5,5,Female,20,Unmarried,4.6667,5.4000,3.6667,4.5000,4.6667,5.6667,5.5000,297,0.2235,-0.1926,-1.3192,-0.4982,-0.4413,1.2208,0.4081,0.2541,0.4982,-0.5387,-0.1801
298,5,5,3,4,5,3,4,5,5,3,5,6,5,4,6,6,4,6,5,7,4,7,4,5,5,5,4,5,Male,22,Unmarried,4.6667,5.2000,5.3333,5.7500,4.3333,4.0000,4.2500,298,0.2235,-0.4996,0.7781,1.1038,-0.8461,-0.9534,-1.2146,-0.3888,1.1579,0.8066,1.0276
299,7,5,6,5,6,5,5,5,6,5,6,5,5,6,6,7,6,7,6,6,6,6,4,5,5,5,6,6,Male,20,Unmarried,5.1667,6.4000,5.3333,6.0000,5.3333,5.3333,5.7500,299,0.9149,1.3424,0.7781,1.4242,0.3684,0.7860,0.7326,1.0445,0.5758,0.2895,0.2699
300,3,4,4,4,4,3,5,3,6,4,3,3,5,4,5,5,5,5,4,5,4,3,3,5,4,4,4,3,Male,20,Unmarried,3.8333,4.8000,3.6667,4.0000,4.3333,4.0000,3.7500,300,-0.9287,-1.1136,-1.3192,-1.1390,-0.8461,-0.9534,-1.8636,1.4692,1.7767,0.8066,1.5767
301,5,5,5,5,5,5,3,4,6,6,5,5,5,4,6,5,5,6,3,5,4,4,5,3,4,5,3,4,Male,23,Unmarried,4.0000,5.2000,5.0000,4.0000,5.3333,4.3333,5.0000,301,-0.6982,-0.4996,0.3586,-1.1390,0.3684,-0.5185,-0.2410,-0.1792,0.1249,-0.1910,-0.0888
302,3,3,3,5,5,7,5,5,5,4,3,4,3,4,6,4,4,5,4,3,4,5,5,3,4,5,5,5,Male,20,Unmarried,4.5000,4.6000,3.3333,4.0000,4.6667,5.6667,3.5000,302,-0.0069,-1.4206,-1.7387,-1.1390,-0.4413,1.2208,-2.1881,2.4701,-2.6713,-0.5387,0.9655
303,5,4,6,6,5,2,3,6,4,6,5,5,4,6,4,6,4,6,5,6,4,6,5,3,4,4,6,4,Male,21,Unmarried,4.3333,5.2000,4.6667,5.2500,5.3333,3.3333,5.2500,303,-0.2374,-0.4996,-0.0608,0.4630,0.3684,-1.8231,0.0836,0.0304,-0.1523,-0.6716,0.0308
304,5,6,6,6,5,6,7,5,4,4,4,5,6,5,6,6,5,6,5,6,7,5,6,4,7,6,5,6,Female,21,Unmarried,5.6667,5.6000,5.0000,5.7500,4.3333,6.0000,5.7500,304,1.6062,0.1144,0.3586,1.1038,-0.8461,1.6556,0.7326,0.0410,1.2130,-1.4008,-0.6198
305,5,5,4,5,4,5,4,5,4,4,2,5,5,5,5,5,7,6,5,5,4,4,6,4,4,5,4,5,Female,23,Unmarried,4.6667,5.6000,4.0000,4.5000,4.3333,4.3333,4.7500,305,0.2235,0.1144,-0.8998,-0.4982,-0.8461,-0.5185,-0.5655,-0.1029,0.2932,0.4387,0.4784
306,6,5,6,5,7,7,7,6,5,6,6,5,6,7,7,6,6,7,6,6,5,5,6,5,5,4,7,6,Male,21,Unmarried,5.5000,6.6000,5.6667,5.5000,5.6667,7.0000,5.5000,306,1.3757,1.6494,1.1976,0.7834,0.7732,2.9602,0.4081,1.9753,1.2080,2.2888,0.3155
307,5,6,6,4,4,5,4,6,5,4,4,6,6,6,7,6,5,7,6,6,6,4,5,2,4,5,5,6,Male,21,Unmarried,4.5000,6.2000,5.3333,5.5000,5.0000,4.3333,5.2500,307,-0.0069,1.0354,0.7781,0.7834,-0.0364,-0.5185,0.0836,0.8056,-0.0433,0.0189,-0.0030
308,6,6,6,5,4,6,3,4,5,4,3,4,4,7,5,5,6,6,5,4,3,4,5,4,2,5,4,5,Female,21,Unmarried,4.1667,5.8000,3.6667,4.0000,4.3333,4.3333,5.7500,308,-0.4678,0.4214,-1.3192,-1.1390,-0.8461,-0.5185,0.7326,-0.5559,-0.3799,0.4387,-0.6198
309,6,7,5,6,6,4,4,4,4,4,6,4,3,4,5,6,6,5,5,5,5,6,4,3,4,5,5,5,Female,22,Unmarried,4.3333,5.2000,4.3333,5.2500,4.0000,4.6667,6.0000,309,-0.2374,-0.4996,-0.4803,0.4630,-1.2509,-0.0837,1.0572,0.2400,-0.0885,0.1047,-1.3224
310,7,5,6,3,7,6,3,6,5,4,5,6,4,6,5,5,7,6,6,6,5,4,6,4,5,6,5,5,Female,20,Unmarried,5.1667,5.8000,5.0000,5.2500,5.0000,5.3333,5.2500,310,0.9149,0.4214,0.3586,0.4630,-0.0364,0.7860,0.0836,0.1511,0.0657,-0.0286,-0.0030
311,5,5,5,5,4,4,4,4,5,5,5,7,7,7,6,7,7,7,4,4,3,3,4,2,3,3,4,2,Male,21,Unmarried,3.0000,6.8000,6.3333,3.5000,4.6667,4.0000,5.0000,311,-2.0809,1.9564,2.0365,-1.7798,-0.4413,-0.9534,-0.2410,3.9842,0.2297,0.4207,0.1063
312,5,5,4,6,5,4,3,4,3,5,5,5,4,6,5,6,6,6,5,6,6,4,5,5,3,4,4,4,Female,23,Unmarried,4.1667,5.8000,4.6667,5.2500,4.0000,4.0000,5.0000,312,-0.4678,0.4214,-0.0608,0.4630,-1.2509,-0.9534,-0.2410,-0.0256,0.2297,1.1926,0.3014
313,6,4,6,4,5,5,6,5,4,3,3,3,4,6,6,5,5,5,6,4,7,6,6,4,3,6,4,4,Female,22,Unmarried,4.5000,5.4000,3.3333,5.7500,4.0000,5.3333,5.0000,313,-0.0069,-0.1926,-1.7387,1.1038,-1.2509,0.7860,-0.2410,0.3349,-0.1894,-0.9832,0.3014
314,6,5,4,4,6,4,7,6,4,5,4,5,6,5,6,5,5,5,4,5,5,3,4,3,4,6,4,5,Male,19,Unmarried,4.3333,5.2000,5.0000,4.2500,5.0000,5.6667,4.7500,314,-0.2374,-0.4996,0.3586,-0.8186,-0.0364,1.2208,-0.5655,-0.1792,-0.6904,-0.0445,0.0206
315,5,5,5,4,5,6,5,4,6,5,5,5,3,5,5,3,5,5,4,4,5,4,3,2,2,5,3,2,Male,18,Unmarried,2.8333,4.6000,4.3333,4.2500,5.0000,5.3333,4.7500,315,-2.3113,-1.4206,-0.4803,-0.8186,-0.0364,0.7860,-0.5655,0.6823,-0.4445,-0.0286,0.0206
316,6,5,6,5,5,6,4,5,4,5,5,5,5,4,6,5,7,6,4,3,3,6,4,2,5,5,2,3,Male,22,Unmarried,3.5000,5.6000,5.0000,4.0000,4.6667,5.0000,5.5000,316,-1.3896,0.1144,0.3586,-1.1390,-0.4413,0.3511,0.4081,0.0410,0.1433,-0.1549,-0.1801
317,7,6,5,6,5,4,4,6,5,5,4,3,4,6,6,6,6,7,7,6,5,5,5,6,5,7,4,4,Female,23,Unmarried,5.1667,6.2000,3.6667,5.7500,5.3333,4.3333,6.0000,317,0.9149,1.0354,-1.3192,1.1038,0.3684,-0.5185,1.0572,-1.3659,-0.5482,-0.1910,0.3894
318,6,7,6,6,4,5,5,4,6,5,6,4,7,5,5,5,5,5,7,4,5,5,5,4,4,6,4,4,Female,22,Unmarried,4.5000,5.0000,5.6667,5.2500,5.0000,4.6667,6.2500,318,-0.0069,-0.8066,1.1976,0.4630,-0.0364,-0.0837,1.3817,-0.9660,-0.1157,0.0030,-0.0503
319,3,4,5,5,5,5,5,7,5,4,3,5,4,5,5,5,7,6,5,5,5,6,6,5,5,6,4,4,Male,22,Unmarried,5.0000,5.6000,4.0000,5.2500,5.3333,5.0000,4.2500,319,0.6844,0.1144,-0.8998,0.4630,0.3684,0.3511,-1.2146,-0.1029,-0.4265,0.1294,-0.4474
320,5,5,5,4,4,6,6,6,5,4,6,6,4,6,6,7,6,7,4,5,5,5,5,4,5,5,6,4,Male,19,Unmarried,4.8333,6.4000,5.3333,4.7500,5.0000,5.3333,4.7500,320,0.4540,1.3424,0.7781,-0.1778,-0.0364,0.7860,-0.5655,1.0445,-0.4445,-0.0286,0.0206
321,3,3,2,3,6,5,4,7,5,6,5,3,4,4,5,4,4,5,4,4,4,3,6,5,3,6,5,4,Male,22,Unmarried,4.8333,4.4000,4.0000,3.7500,6.0000,5.0000,2.7500,321,0.4540,-1.7276,-0.8998,-1.4594,1.1780,0.3511,-3.1617,1.5545,-1.1102,0.4136,-3.7246
322,6,6,6,7,5,4,5,6,5,5,5,5,5,7,7,6,6,6,4,7,6,6,6,5,5,7,7,7,Female,20,Unmarried,6.1667,6.4000,5.0000,5.7500,5.3333,4.6667,6.2500,322,2.2975,1.3424,0.3586,1.1038,0.3684,-0.0837,1.3817,0.4814,-0.1157,-0.0308,0.5090
323,6,6,6,5,6,4,6,6,6,5,5,6,5,6,7,7,6,6,4,4,6,5,7,3,3,6,5,4,Female,22,Unmarried,4.6667,6.4000,5.3333,4.7500,5.6667,5.3333,5.7500,323,0.2235,1.3424,0.7781,-0.1778,0.7732,0.7860,0.7326,1.0445,0.5758,0.6077,0.5665
324,5,7,6,6,5,6,5,7,7,7,6,4,4,4,6,6,5,6,4,7,5,4,5,2,3,6,5,3,Female,23,Unmarried,4.0000,5.4000,4.6667,5.0000,7.0000,5.3333,6.0000,324,-0.6982,-0.1926,-0.0608,0.1426,2.3925,0.7860,1.0572,0.0117,0.8309,1.8804,2.5292
325,6,5,5,5,2,3,5,5,5,5,5,5,5,4,5,5,5,5,4,3,4,5,3,4,5,5,4,3,Male,26,Unmarried,4.0000,4.8000,5.0000,4.0000,5.0000,3.3333,5.2500,325,-0.6982,-1.1136,0.3586,-1.1390,-0.0364,-1.8231,0.0836,-0.3994,-0.1523,0.0664,-0.0030
326,7,5,6,5,6,5,5,6,7,7,6,5,4,6,5,5,5,6,5,4,5,5,4,5,5,4,5,5,Male,20,Unmarried,4.6667,5.4000,5.0000,4.7500,6.6667,5.3333,5.7500,326,0.2235,-0.1926,0.3586,-0.1778,1.9876,0.7860,0.7326,-0.0691,0.5758,1.5622,1.4562
327,4,6,4,5,4,6,3,5,7,5,4,6,6,3,3,5,3,4,5,5,4,4,5,2,4,5,5,4,Female,18,Unmarried,4.1667,3.6000,5.3333,4.5000,5.6667,4.3333,4.7500,327,-0.4678,-2.9556,0.7781,-0.4982,0.7732,-0.5185,-0.5655,-2.2998,0.2932,-0.4009,-0.4372
328,7,4,5,6,5,5,3,6,5,6,5,5,7,6,5,6,6,6,6,5,6,4,4,4,4,6,5,3,Female,25,Unmarried,4.3333,5.8000,5.6667,5.2500,5.6667,4.3333,5.5000,328,-0.2374,0.4214,1.1976,0.4630,0.7732,-0.5185,0.4081,0.5046,-0.2116,-0.4009,0.3155
329,7,5,5,5,6,5,5,6,6,7,6,5,7,4,6,6,6,5,7,5,4,4,5,4,4,7,5,3,Male,19,Unmarried,4.6667,5.4000,6.0000,5.0000,6.3333,5.3333,5.5000,329,0.2235,-0.1926,1.6171,0.1426,1.5828,0.7860,0.4081,-0.3115,0.3208,1.2441,0.6459
330,7,5,6,5,5,5,4,6,6,7,6,6,4,7,7,7,5,6,6,7,4,6,5,4,6,6,6,6,Female,25,Unmarried,5.5000,6.4000,5.3333,5.7500,6.3333,4.6667,5.7500,330,1.3757,1.3424,0.7781,1.1038,1.5828,-0.0837,0.7326,1.0445,-0.0613,-0.1325,1.1596
331,6,6,4,7,7,5,5,6,5,5,7,7,7,5,6,6,6,6,5,5,5,6,6,3,6,5,7,4,Male,22,Unmarried,5.1667,5.8000,7.0000,5.2500,5.3333,5.6667,5.7500,331,0.9149,0.4214,2.8755,0.4630,0.3684,1.2208,0.7326,1.2116,0.8944,0.4497,0.2699
332,6,4,5,6,6,6,5,7,7,6,5,4,4,5,6,5,5,6,5,5,4,4,5,3,5,6,7,4,Female,20,Unmarried,5.0000,5.4000,4.3333,4.5000,6.6667,5.6667,5.2500,332,0.6844,-0.1926,-0.4803,-0.4982,1.9876,1.2208,0.0836,0.0925,0.1020,2.4265,0.1661
333,4,5,4,5,5,5,3,3,4,3,5,5,6,6,5,6,6,6,4,6,4,4,5,5,5,5,5,6,Female,20,Unmarried,5.1667,5.8000,5.3333,4.5000,3.3333,4.3333,4.5000,333,0.9149,0.4214,0.7781,-0.4982,-2.0605,-0.5185,-0.8900,0.3279,0.4615,1.0685,1.8339
334,4,3,4,5,4,4,2,5,4,5,4,5,3,4,5,4,4,4,5,6,4,6,3,5,4,4,4,3,Male,21,Unmarried,3.8333,4.2000,4.0000,5.2500,4.6667,3.3333,4.0000,334,-0.9287,-2.0346,-0.8998,0.4630,-0.4413,-1.8231,-1.5391,1.8307,2.8058,0.8044,0.6791
335,6,5,5,6,5,5,4,4,5,5,5,5,4,4,5,6,6,6,6,5,4,7,6,5,5,7,6,6,Male,24,Unmarried,5.8333,5.4000,4.6667,5.5000,4.6667,4.6667,5.5000,335,1.8366,-0.1926,-0.0608,0.7834,-0.4413,-0.0837,0.4081,0.0117,-0.0342,0.0369,-0.1801
336,5,5,6,5,5,6,4,5,4,5,4,4,4,5,7,7,7,5,6,5,5,6,5,5,5,6,4,5,Female,20,Unmarried,5.0000,6.2000,4.0000,5.5000,4.6667,5.0000,5.2500,336,0.6844,1.0354,-0.8998,0.7834,-0.4413,0.3511,0.0836,-0.9316,0.0293,-0.1549,-0.0369
337,4,4,4,4,4,5,5,5,3,3,2,2,2,3,4,4,4,3,5,3,5,2,2,3,1,4,1,2,Male,19,Unmarried,2.1667,3.6000,2.0000,3.7500,3.6667,4.6667,4.0000,337,-3.2331,-2.9556,-3.4166,-1.4594,-1.6557,-0.0837,-1.5391,10.0982,0.1288,0.1386,2.5483
338,5,5,3,7,4,4,4,3,3,3,5,4,5,5,6,7,5,6,6,5,6,4,4,3,3,5,5,3,Female,22,Unmarried,3.8333,5.8000,4.6667,5.2500,3.0000,4.0000,5.0000,338,-0.9287,0.4214,-0.0608,0.4630,-2.4653,-0.9534,-0.2410,-0.0256,0.2297,2.3504,0.5941
339,6,7,5,6,6,4,5,6,5,6,5,5,5,6,6,5,7,5,4,4,4,6,4,4,5,6,4,4,Female,21,Married,4.5000,5.8000,5.0000,4.5000,5.6667,5.0000,6.0000,339,-0.0069,0.4214,0.3586,-0.4982,0.7732,0.3511,1.0572,0.1511,0.3712,0.2715,0.8174
340,6,7,6,5,5,6,3,5,5,6,5,5,5,5,6,6,6,6,6,7,5,5,6,4,5,6,6,5,Male,20,Unmarried,5.3333,5.8000,5.0000,5.7500,5.3333,4.6667,6.0000,340,1.1453,0.4214,0.3586,1.1038,0.3684,-0.0837,1.0572,0.1511,-0.0885,-0.0308,0.3894
341,7,6,7,7,6,6,7,7,4,5,6,7,4,6,5,6,7,6,4,6,7,6,6,5,7,5,4,7,Male,21,Unmarried,5.6667,6.0000,5.6667,5.7500,5.3333,6.3333,6.7500,341,1.6062,0.7284,1.1976,1.1038,0.3684,2.0905,2.0307,0.8723,4.2452,0.7701,0.7481
342,6,4,6,6,4,5,6,3,5,6,5,5,5,4,6,6,5,6,6,5,6,5,5,6,6,6,7,4,Male,23,Unmarried,5.6667,5.4000,5.0000,5.5000,4.6667,5.0000,5.5000,342,1.6062,-0.1926,0.3586,0.7834,-0.4413,0.3511,0.4081,-0.0691,0.1433,-0.1549,-0.1801
343,6,6,6,6,4,5,2,5,4,4,5,6,5,6,7,7,7,6,5,5,5,6,6,2,6,5,4,5,Female,22,Unmarried,4.6667,6.6000,5.3333,5.2500,4.3333,3.6667,6.0000,343,0.2235,1.6494,0.7781,0.4630,-0.8461,-1.3882,1.0572,1.2834,-1.4676,1.1745,-0.8944
344,4,6,6,6,5,5,5,5,5,5,6,3,5,5,4,6,6,6,4,4,3,4,4,3,5,6,6,5,Male,20,Unmarried,4.8333,5.4000,4.6667,3.7500,5.0000,5.0000,5.5000,344,0.4540,-0.1926,-0.0608,-1.4594,-0.0364,0.3511,0.4081,0.0117,0.1433,-0.0128,-0.0149
345,6,4,5,5,4,6,5,5,4,2,4,5,6,6,4,6,6,6,4,5,4,3,5,6,4,5,5,2,Female,22,Unmarried,4.5000,5.6000,5.0000,4.0000,3.6667,5.0000,5.0000,345,-0.0069,0.1144,0.3586,-1.1390,-1.6557,0.3511,-0.2410,0.0410,-0.0846,-0.5814,0.3990
346,5,6,5,4,4,4,5,4,4,4,5,5,6,7,6,6,4,5,3,5,5,3,4,2,3,4,4,5,Female,24,Unmarried,3.6667,5.6000,5.3333,4.0000,4.0000,4.3333,5.0000,346,-1.1591,0.1144,0.7781,-1.1390,-1.2509,-0.5185,-0.2410,0.0890,0.1249,0.6486,0.3014
347,7,6,6,7,5,5,5,7,6,6,4,4,4,7,4,6,6,6,4,5,5,3,3,4,5,4,5,4,Female,25,Unmarried,4.1667,5.8000,4.0000,4.2500,6.3333,5.0000,6.5000,347,-0.4678,0.4214,-0.8998,-0.8186,1.5828,0.3511,1.7062,-0.3791,0.5991,0.5558,2.7007
348,6,5,7,5,5,6,5,7,6,4,4,6,4,6,6,6,7,6,4,6,4,4,3,4,5,4,5,5,Female,19,Unmarried,4.3333,6.2000,4.6667,4.5000,5.6667,5.3333,5.7500,348,-0.2374,1.0354,-0.0608,-0.4982,0.7732,0.7860,0.7326,-0.0630,0.5758,0.6077,0.5665
349,6,6,5,6,6,6,7,5,6,5,7,7,6,5,7,6,6,5,3,5,6,5,5,5,5,6,5,6,Female,19,Unmarried,5.3333,5.8000,6.6667,4.7500,5.3333,6.3333,5.7500,349,1.1453,0.4214,2.4560,-0.1778,0.3684,2.0905,0.7326,1.0349,1.5315,0.7701,0.2699
350,3,5,3,3,6,7,4,6,5,5,2,3,3,4,5,4,4,6,4,4,3,3,4,2,3,5,4,7,Male,21,Unmarried,4.1667,4.6000,2.6667,3.5000,5.3333,5.6667,3.5000,350,-0.4678,-1.4206,-2.5777,-1.7798,0.3684,1.2208,-2.1881,3.6619,-2.6713,0.4497,-0.8061
351,6,6,5,5,5,4,3,5,5,5,3,4,3,5,5,5,5,4,3,5,4,6,6,3,4,6,4,5,Female,21,Unmarried,4.6667,4.8000,3.3333,4.5000,5.0000,4.0000,5.5000,351,0.2235,-1.1136,-1.7387,-0.4982,-0.0364,-0.9534,0.4081,1.9363,-0.3891,0.0347,-0.0149
352,6,5,6,6,4,5,5,7,6,6,5,4,5,6,5,7,7,5,5,7,7,6,6,5,4,6,5,5,Male,24,Unmarried,5.1667,6.0000,4.6667,6.2500,6.3333,4.6667,5.7500,352,0.9149,0.7284,-0.0608,1.7446,1.5828,-0.0837,0.7326,-0.0443,-0.0613,-0.1325,1.1596
353,3,3,3,3,4,3,4,4,5,3,3,5,4,3,5,4,4,5,3,2,3,5,3,3,3,4,4,2,Female,19,Unmarried,3.1667,4.2000,4.0000,3.2500,4.0000,3.6667,3.0000,353,-1.8504,-2.0346,-0.8998,-2.1002,-1.2509,-1.3882,-2.8372,1.8307,3.9387,1.7365,3.5490
354,5,7,6,6,7,4,4,6,4,5,5,6,5,5,6,6,5,7,7,4,5,5,7,6,5,7,5,5,Male,19,Unmarried,5.8333,5.8000,5.3333,5.2500,5.0000,5.0000,6.0000,354,1.8366,0.4214,0.7781,0.4630,-0.0364,0.3511,1.0572,0.3279,0.3712,-0.0128,-0.0385
355,6,6,6,5,5,4,5,6,7,6,5,5,3,4,7,6,5,6,7,5,5,6,5,4,6,7,5,5,Female,20,Unmarried,5.3333,5.6000,4.3333,5.7500,6.3333,4.6667,5.7500,355,1.1453,0.1144,-0.4803,1.1038,1.5828,-0.0837,0.7326,-0.0549,-0.0613,-0.1325,1.1596
356,6,6,4,6,6,5,4,4,5,7,6,4,4,5,5,4,5,7,6,5,5,5,7,5,5,5,5,5,Male,20,Unmarried,5.3333,5.2000,4.6667,5.2500,5.3333,5.0000,5.5000,356,1.1453,-0.4996,-0.0608,0.4630,0.3684,0.3511,0.4081,0.0304,0.1433,0.1294,0.1503
357,6,5,6,7,4,7,5,5,5,5,5,5,4,6,7,6,6,6,5,7,5,5,5,5,4,5,4,7,Female,19,Unmarried,5.0000,6.2000,4.6667,5.5000,5.0000,5.3333,6.0000,357,0.6844,1.0354,-0.0608,0.7834,-0.0364,0.7860,1.0572,-0.0630,0.8309,-0.0286,-0.0385
358,6,6,6,5,4,6,5,7,6,5,5,4,5,4,5,4,5,6,5,4,4,6,6,5,6,6,5,4,Male,21,Unmarried,5.3333,4.8000,4.6667,4.7500,6.0000,5.0000,5.7500,358,1.1453,-1.1136,-0.0608,-0.1778,1.1780,0.3511,0.7326,0.0677,0.2572,0.4136,0.8630
359,5,5,6,5,5,5,5,6,6,4,3,4,3,4,3,5,4,4,6,4,5,5,5,5,5,6,6,4,Male,24,Unmarried,5.1667,4.0000,3.3333,5.0000,5.3333,5.0000,5.2500,359,0.9149,-2.3416,-1.7387,0.1426,0.3684,0.3511,0.0836,4.0714,0.0293,0.1294,0.0308
360,5,4,4,5,5,4,4,4,6,5,4,3,4,5,4,5,4,5,5,5,5,4,4,3,3,4,6,2,Male,20,Unmarried,3.6667,4.6000,3.6667,4.7500,5.0000,4.3333,4.5000,360,-1.1591,-1.4206,-1.3192,-0.1778,-0.0364,-0.5185,-0.8900,1.8742,0.4615,0.0189,0.0324
361,5,7,7,4,3,4,2,4,5,4,5,5,5,5,5,6,5,7,5,5,5,3,4,4,4,6,2,4,Female,21,Unmarried,4.0000,5.6000,5.0000,4.5000,4.3333,3.0000,5.7500,361,-0.6982,0.1144,0.3586,-0.4982,-0.8461,-2.2579,0.7326,0.0410,-1.6542,1.9103,-0.6198
362,5,5,5,5,5,6,4,5,5,5,6,5,5,4,4,4,4,5,5,4,4,2,6,4,4,4,5,5,Male,21,Unmarried,4.6667,4.2000,5.3333,3.7500,5.0000,5.0000,5.0000,362,0.2235,-2.0346,0.7781,-1.4594,-0.0364,0.3511,-0.2410,-1.5832,-0.0846,-0.0128,0.0088
363,7,7,6,5,6,6,5,5,5,6,5,6,7,6,6,7,6,7,6,6,5,5,4,3,5,7,5,5,Female,20,Unmarried,4.8333,6.4000,6.0000,5.5000,5.3333,5.6667,6.2500,363,0.4540,1.3424,1.6171,0.7834,0.3684,1.2208,1.3817,2.1707,1.6868,0.4497,0.5090
364,6,5,7,5,3,5,4,4,5,2,5,5,5,5,6,7,6,7,6,4,4,5,4,4,4,5,5,4,Female,20,Unmarried,4.3333,6.2000,5.0000,4.7500,3.6667,4.0000,5.7500,364,-0.2374,1.0354,0.3586,-0.1778,-1.6557,-0.9534,0.7326,0.3713,-0.6985,1.5785,-1.2130
365,5,3,4,5,6,4,6,3,4,5,4,3,3,5,4,4,4,4,3,5,3,3,4,1,2,2,2,2,Female,19,Unmarried,2.1667,4.2000,3.3333,3.5000,4.0000,5.3333,4.2500,365,-3.2331,-2.0346,-1.7387,-1.7798,-1.2509,0.7860,-1.2146,3.5377,-0.9546,-0.9832,1.5193
366,5,4,5,5,4,7,5,5,7,5,5,5,5,5,5,6,5,5,6,5,6,7,5,5,3,4,4,6,Female,19,Unmarried,4.5000,5.2000,5.0000,6.0000,5.6667,5.3333,4.7500,366,-0.0069,-0.4996,0.3586,1.4242,0.7732,0.7860,-0.5655,-0.1792,-0.4445,0.6077,-0.4372
367,6,5,4,5,6,4,5,5,5,5,6,6,3,6,7,6,6,7,4,7,6,5,4,3,6,5,5,4,Male,19,Unmarried,4.5000,6.4000,5.0000,5.5000,5.0000,5.0000,5.0000,367,-0.0069,1.3424,0.3586,0.7834,-0.0364,0.3511,-0.2410,0.4814,-0.0846,-0.0128,0.0088
368,5,6,5,7,5,6,5,5,6,6,4,4,5,5,6,7,6,7,5,6,5,5,6,4,4,6,4,6,Male,21,Unmarried,5.0000,6.2000,4.3333,5.2500,5.6667,5.3333,5.7500,368,0.6844,1.0354,-0.4803,0.4630,0.7732,0.7860,0.7326,-0.4973,0.5758,0.6077,0.5665
369,6,6,6,6,5,7,7,6,7,6,5,4,6,5,5,6,6,6,6,6,5,6,6,6,6,7,7,5,Female,23,Unmarried,6.1667,5.6000,5.0000,5.7500,6.3333,6.3333,6.0000,369,2.2975,0.1144,0.3586,1.1038,1.5828,2.0905,1.0572,0.0410,2.2100,3.3089,1.6733
370,5,5,6,6,4,4,4,5,4,4,4,6,6,4,5,4,4,6,5,4,7,7,5,5,5,5,5,5,Female,20,Unmarried,5.0000,4.6000,5.3333,5.7500,4.3333,4.0000,5.5000,370,0.6844,-1.4206,0.7781,1.1038,-0.8461,-0.9534,0.4081,-1.1054,-0.3891,0.8066,-0.3453
371,4,4,6,6,4,4,4,6,6,6,3,3,4,5,6,6,5,5,4,5,5,2,5,2,4,5,3,2,Male,22,Unmarried,3.5000,5.4000,3.3333,4.0000,6.0000,4.0000,5.0000,371,-1.3896,-0.1926,-1.7387,-1.1390,1.1780,-0.9534,-0.2410,0.3349,0.2297,-1.1231,-0.2839
372,5,3,5,3,7,7,5,6,5,5,4,5,5,4,6,6,6,5,5,4,5,4,1,2,1,4,2,3,Female,20,Unmarried,2.1667,5.4000,4.6667,4.5000,5.3333,6.3333,4.0000,372,-3.2331,-0.1926,-0.0608,-0.4982,0.3684,2.0905,-1.5391,0.0117,-3.2174,0.7701,-0.5670
373,5,6,6,5,6,4,4,5,4,5,3,6,4,6,5,5,6,6,5,4,4,3,4,4,2,5,6,2,Male,20,Unmarried,3.8333,5.6000,4.3333,4.0000,4.6667,4.6667,5.5000,373,-0.9287,0.1144,-0.4803,-1.1390,-0.4413,-0.0837,0.4081,-0.0549,-0.0342,0.0369,-0.1801
374,5,3,5,5,5,7,3,6,4,4,6,4,5,6,5,4,6,5,4,6,4,4,5,4,5,5,4,5,Male,24,Unmarried,4.6667,5.2000,5.0000,4.5000,4.6667,5.0000,4.5000,374,0.2235,-0.4996,0.3586,-0.4982,-0.4413,0.3511,-0.8900,-0.1792,-0.3125,-0.1549,0.3927
375,4,4,4,4,6,6,5,6,6,4,6,7,4,6,6,5,5,4,5,4,4,6,7,2,4,5,7,5,Male,22,Unmarried,5.0000,5.2000,5.6667,4.7500,5.3333,5.6667,4.0000,375,0.6844,-0.4996,1.1976,-0.1778,0.3684,1.2208,-1.5391,-0.5984,-1.8789,0.4497,-0.5670
376,5,4,6,5,6,4,3,6,5,6,5,4,4,5,4,5,6,4,5,4,6,7,5,3,4,6,4,3,Male,21,Unmarried,4.1667,4.8000,4.3333,5.5000,5.6667,4.3333,5.0000,376,-0.4678,-1.1136,-0.4803,0.7834,0.7732,-0.5185,-0.2410,0.5349,0.1249,-0.4009,-0.1863
377,5,4,6,4,6,5,6,6,6,7,5,5,4,6,4,4,5,4,6,5,6,3,2,3,3,6,5,3,Male,21,Unmarried,3.6667,4.6000,4.6667,5.0000,6.3333,5.6667,4.7500,377,-1.1591,-1.4206,-0.0608,0.1426,1.5828,1.2208,-0.5655,0.0864,-0.6904,1.9323,-0.8951
378,7,7,5,7,3,5,4,6,6,6,5,4,4,5,5,6,6,6,5,5,4,6,5,3,5,6,5,5,Female,20,Unmarried,4.8333,5.6000,4.3333,5.0000,6.0000,4.0000,6.5000,378,0.4540,0.1144,-0.4803,0.1426,1.1780,-0.9534,1.7062,-0.0549,-1.6267,-1.1231,2.0099
379,7,6,6,6,5,5,5,7,7,6,5,6,6,7,5,5,6,7,6,6,5,5,6,4,6,7,4,5,Male,22,Unmarried,5.3333,6.0000,5.6667,5.5000,6.6667,5.0000,6.2500,379,1.1453,0.7284,1.1976,0.7834,1.9876,0.3511,1.3817,0.8723,0.4852,0.6979,2.7463
380,4,3,4,3,5,5,4,6,4,3,4,5,7,3,4,5,5,5,5,4,5,4,5,5,5,5,3,2,Female,20,Unmarried,4.1667,4.4000,5.3333,4.5000,4.3333,4.6667,3.5000,380,-0.4678,-1.7276,0.7781,-0.4982,-0.8461,-0.0837,-2.1881,-1.3443,0.1832,0.0708,1.8513
381,5,6,5,5,6,7,6,4,5,4,5,5,5,5,5,6,6,5,6,6,7,5,6,5,2,5,5,6,Female,20,Unmarried,4.8333,5.4000,5.0000,6.0000,4.3333,6.3333,5.2500,381,0.4540,-0.1926,0.3586,1.4242,-0.8461,2.0905,0.0836,-0.0691,0.1747,-1.7687,-0.0707
382,4,5,4,5,3,5,3,5,5,6,6,6,4,4,5,7,4,5,5,4,5,4,4,2,4,5,4,2,Male,19,Unmarried,3.5000,5.0000,5.3333,4.5000,5.3333,3.6667,4.5000,382,-1.3896,-0.8066,0.7781,-0.4982,0.3684,-1.3882,-0.8900,-0.6277,1.2355,-0.5114,-0.3279
383,6,5,6,5,6,5,6,6,5,4,5,5,5,5,7,5,6,6,3,5,5,4,4,2,4,4,3,3,Male,22,Unmarried,3.3333,5.8000,5.0000,4.2500,5.0000,5.6667,5.5000,383,-1.6200,0.4214,0.3586,-0.8186,-0.0364,1.2208,0.4081,0.1511,0.4982,-0.0445,-0.0149
384,5,4,4,2,4,5,6,5,4,6,5,3,4,4,4,5,4,5,4,4,4,6,6,5,5,6,5,5,Male,23,Unmarried,5.3333,4.4000,4.0000,4.5000,5.0000,5.0000,3.7500,384,1.1453,-1.7276,-0.8998,-0.4982,-0.0364,0.3511,-1.8636,1.5545,-0.6544,-0.0128,0.0679
385,5,3,5,5,4,5,5,5,5,4,5,4,6,5,4,4,7,6,5,6,3,2,5,3,4,6,4,3,Female,21,Unmarried,4.1667,5.2000,5.0000,4.0000,4.6667,4.6667,4.5000,385,-0.4678,-0.4996,0.3586,-1.1390,-0.4413,-0.0837,-0.8900,-0.1792,0.0745,0.0369,0.3927
386,5,5,6,6,4,5,6,5,5,5,5,5,6,6,6,7,3,5,5,5,6,5,5,5,5,4,5,4,Female,21,Unmarried,4.6667,5.4000,5.3333,5.2500,5.0000,5.0000,5.5000,386,0.2235,-0.1926,0.7781,0.4630,-0.0364,0.3511,0.4081,-0.1499,0.1433,-0.0128,-0.0149
387,6,4,5,5,6,3,3,6,5,4,5,4,3,5,5,6,6,6,6,6,6,6,6,6,6,5,5,5,Male,21,Married,5.5000,5.6000,4.0000,6.0000,5.0000,4.0000,5.0000,387,1.3757,0.1144,-0.8998,1.4242,-0.0364,-0.9534,-0.2410,-0.1029,0.2297,0.0347,0.0088
388,6,5,5,6,5,5,3,6,5,5,6,6,5,5,7,6,5,6,5,5,3,5,3,4,3,5,4,4,Female,27,Unmarried,3.8333,5.8000,5.6667,4.5000,5.3333,4.3333,5.5000,388,-0.9287,0.4214,1.1976,-0.4982,0.3684,-0.5185,0.4081,0.5046,-0.2116,-0.1910,0.1503
389,4,6,6,4,5,5,5,6,5,5,5,5,6,5,6,5,6,6,5,5,7,5,5,5,4,5,3,4,Female,22,Unmarried,4.3333,5.6000,5.3333,5.5000,5.3333,5.0000,5.0000,389,-0.2374,0.1144,0.7781,0.7834,0.3684,0.3511,-0.2410,0.0890,-0.0846,0.1294,-0.0888
390,5,6,6,4,3,6,4,3,5,5,4,3,5,5,5,5,6,5,4,3,5,5,5,2,4,6,5,4,Female,20,Unmarried,4.3333,5.2000,4.0000,4.2500,4.3333,4.3333,5.2500,390,-0.2374,-0.4996,-0.8998,-0.8186,-0.8461,-0.5185,0.0836,0.4496,-0.0433,0.4387,-0.0707
391,4,5,6,4,4,4,4,5,4,4,4,5,5,6,5,5,6,5,4,3,4,3,5,5,6,7,3,5,Male,21,Unmarried,5.1667,5.4000,4.6667,3.5000,4.3333,4.0000,4.7500,391,0.9149,-0.1926,-0.0608,-1.7798,-0.8461,-0.9534,-0.5655,0.0117,0.5391,0.8066,0.4784
392,5,5,5,3,5,5,4,5,6,5,4,6,5,6,6,6,6,6,5,5,5,4,7,5,5,5,4,4,Male,21,Unmarried,5.0000,6.0000,5.0000,4.7500,5.3333,4.6667,4.5000,392,0.6844,0.7284,0.3586,-0.1778,0.3684,-0.0837,-0.8900,0.2612,0.0745,-0.0308,-0.3279
393,6,5,6,6,3,3,2,5,4,4,5,5,6,5,5,5,4,5,4,5,5,4,5,3,3,5,5,5,Female,22,Unmarried,4.3333,4.8000,5.3333,4.5000,4.3333,2.6667,5.7500,393,-0.2374,-1.1136,0.7781,-0.4982,-0.8461,-2.6927,0.7326,-0.8665,-1.9728,2.2782,-0.6198
394,4,4,3,3,6,6,2,4,5,3,3,3,3,5,5,5,4,5,5,4,5,5,5,3,5,5,4,5,Male,19,Unmarried,4.5000,4.8000,3.0000,4.7500,4.0000,4.6667,3.5000,394,-0.0069,-1.1136,-2.1582,-0.1778,-1.2509,-0.0837,-2.1881,2.4034,0.1832,0.1047,2.7371
395,5,5,6,5,5,5,4,5,5,5,4,5,4,6,4,6,5,6,5,5,5,5,4,4,3,4,5,4,Male,19,Unmarried,4.0000,5.4000,4.3333,5.0000,5.0000,4.6667,5.2500,395,-0.6982,-0.1926,-0.4803,0.1426,-0.0364,-0.0837,0.0836,0.0925,-0.0070,0.0030,-0.0030
396,6,4,5,6,6,5,5,4,4,5,4,4,5,5,4,7,5,7,4,4,5,4,6,3,4,5,4,4,Female,20,Unmarried,4.3333,5.6000,4.3333,4.2500,4.3333,5.3333,5.2500,396,-0.2374,0.1144,-0.4803,-0.8186,-0.8461,0.7860,0.0836,-0.0549,0.0657,-0.6650,-0.0707
397,5,5,4,4,5,6,5,4,3,3,4,3,2,5,6,6,5,5,4,5,5,6,5,2,5,5,4,4,Female,18,Unmarried,4.1667,5.4000,3.0000,5.0000,3.3333,5.3333,4.5000,397,-0.4678,-0.1926,-2.1582,0.1426,-2.0605,0.7860,-0.8900,0.4158,-0.6995,-1.6195,1.8339
398,7,6,6,6,6,5,7,5,4,5,5,5,5,7,7,7,6,5,7,5,6,6,4,4,5,3,4,4,Male,21,Unmarried,4.0000,6.4000,5.0000,6.0000,4.6667,6.0000,6.2500,398,-0.6982,1.3424,0.3586,1.4242,-0.4413,1.6556,1.3817,0.4814,2.2876,-0.7306,-0.6097
399,5,6,6,5,5,6,4,5,4,5,5,4,5,5,5,6,5,6,4,4,4,6,5,3,4,5,3,5,Male,23,Unmarried,4.1667,5.4000,4.6667,4.5000,4.6667,5.0000,5.5000,399,-0.4678,-0.1926,-0.0608,-0.4982,-0.4413,0.3511,0.4081,0.0117,0.1433,-0.1549,-0.1801
400,6,7,6,5,4,4,6,6,4,5,5,5,5,5,6,6,5,6,6,5,6,6,5,5,4,5,5,5,Female,20,Unmarried,4.8333,5.6000,5.0000,5.7500,5.0000,4.6667,6.0000,400,0.4540,0.1144,0.3586,1.1038,-0.0364,-0.0837,1.0572,0.0410,-0.0885,0.0030,-0.0385
